time,event,x,y,z,speed,quality
0.0000,start,-0.0054,297.5879,250.1619,22.0000,
3.4400,takeoff,0.0435,285.6176,326.6624,21.3515,
6.1100,landing,0.9980,269.1605,380.5301,20.6814,Clean
8.3400,rail:Box_wide,13.0510,258.7801,423.7986,21.3663,
8.7600,rail-pop,12.0034,258.4862,433.9158,21.3865,
10.7000,landing,12.0034,246.5303,474.8791,22.8735,Perfect
13.8800,rail:Box_down,-13.1594,232.9319,534.9005,21.1107,
14.3100,rail-pop,-12.0032,231.0025,543.9846,21.2739,
15.0100,landing,-12.0032,227.5291,558.8399,21.9672,Perfect
18.6700,takeoff,-18.2580,217.1180,639.6669,21.6378,
21.9400,landing,-15.6397,194.2738,703.8135,20.4170,Clean
23.4500,rail:Rail_wide,-18.0612,188.3984,734.2890,20.9575,
23.9600,rail-pop,-18.0001,188.2691,745.6081,20.9298,
26.0500,landing,-18.0001,173.8511,788.7756,20.6504,Clean
26.4763,exit,-18.0690,171.7276,797.4787,20.9961,
