time,x,y,z,left,right,leftSamples,rightSamples,leftHeight,rightHeight,height,rawNx,rawNy,rawNz,supportNx,supportNy,supportNz,supportAcceleration,verticalVelocity,normalVelocity,grounded,transitions,speed,lateralAcceleration
0.000000,4000.000000,0.270916,2.168111,1,1,2,2,0.750000,0.750000,0.750000,0.000000,0.974555,0.224148,0.000000,0.974555,0.224148,9.560387,-3.586364,0.000000,1,0,16.000000,0.000000
0.010000,4000.000000,0.235038,2.324106,1,1,2,2,0.750000,0.750000,0.750000,0.000000,0.974555,0.224148,0.000000,0.974555,0.224148,9.560384,-3.587887,0.000000,1,0,16.006800,-0.000353
0.020000,4000.000000,0.199143,2.480167,1,1,2,2,0.750023,0.749977,0.750000,0.000000,0.974555,0.224149,0.000000,0.974555,0.224148,9.560382,-3.589407,0.000000,1,0,16.013580,-0.000705
0.030000,4000.000000,0.163234,2.636294,1,1,2,2,0.750045,0.749955,0.750000,0.000000,0.974555,0.224149,0.000000,0.974555,0.224148,9.560398,-3.590926,0.000000,1,0,16.020360,0.019055
0.040000,4000.000000,0.127310,2.792488,1,1,2,2,0.750073,0.749927,0.750000,0.000000,0.974555,0.224149,0.000000,0.974555,0.224148,9.560382,-3.592442,0.000000,1,0,16.027120,0.040378
0.050000,4000.000000,0.091370,2.948747,1,1,2,2,0.750107,0.749893,0.750000,0.000000,0.974555,0.224148,0.000000,0.974555,0.224148,9.560372,-3.593956,0.000000,1,0,16.033880,0.067867
0.060000,4000.000000,0.055416,3.105071,1,1,2,2,0.750146,0.749854,0.750000,0.000000,0.974555,0.224149,0.000000,0.974555,0.224148,9.560385,-3.595468,0.000000,1,0,16.040620,0.102514
0.070000,4000.000000,0.019446,3.261461,1,1,2,2,0.750190,0.749811,0.750000,0.000000,0.974555,0.224148,0.000000,0.974555,0.224148,9.560386,-3.596977,0.000000,1,0,16.047350,0.144077
0.080000,4000.000000,-0.016539,3.417917,1,1,2,2,0.750238,0.749762,0.750000,0.000000,0.974555,0.224147,0.000000,0.974555,0.224148,9.560376,-3.598482,0.000000,1,0,16.054070,0.192202
0.090000,4000.000000,-0.052539,3.574438,1,1,2,2,0.750291,0.749709,0.750000,0.000000,0.974555,0.224148,0.000000,0.974555,0.224148,9.560386,-3.599984,0.000000,1,0,16.060770,0.246456
0.100000,4000.000000,-0.088554,3.731025,1,1,2,2,0.750349,0.749651,0.750000,0.000000,0.974555,0.224149,0.000000,0.974555,0.224148,9.560378,-3.601483,0.000000,1,0,16.067460,0.306353
0.110000,4000.000000,-0.124584,3.887676,1,1,2,2,0.750410,0.749590,0.750000,0.000000,0.974555,0.224147,0.000000,0.974555,0.224148,9.560384,-3.602977,0.000000,1,0,16.074130,0.371366
0.120000,4000.000000,-0.160628,4.044392,1,1,2,2,0.750474,0.749526,0.750000,0.000000,0.974555,0.224147,0.000000,0.974555,0.224148,9.560395,-3.604466,0.000000,1,0,16.080770,0.440956
0.130000,4000.001000,-0.196688,4.201172,1,1,2,2,0.750542,0.749458,0.750000,0.000000,0.974555,0.224147,0.000000,0.974555,0.224148,9.560401,-3.605950,0.000000,1,0,16.087400,0.514571
0.140000,4000.001000,-0.232762,4.358016,1,1,2,2,0.750613,0.749387,0.750000,0.000000,0.974555,0.224147,0.000000,0.974555,0.224148,9.560405,-3.607427,0.000000,1,0,16.094000,0.591670
0.150000,4000.001000,-0.268851,4.514925,1,1,2,2,0.750687,0.749313,0.750000,0.000000,0.974556,0.224146,0.000000,0.974555,0.224148,9.560390,-3.608897,0.000000,1,0,16.100580,0.671724
0.160000,4000.002000,-0.304955,4.671897,1,1,2,2,0.750764,0.749236,0.750000,0.000000,0.974555,0.224148,0.000000,0.974555,0.224148,9.560377,-3.610360,0.000000,1,0,16.107120,0.754221
0.170000,4000.002000,-0.341073,4.828933,1,1,2,2,0.750843,0.749157,0.750000,0.000000,0.974556,0.224146,0.000000,0.974555,0.224148,9.560406,-3.611814,0.000000,1,0,16.113640,0.838683
0.180000,4000.003000,-0.377205,4.986031,1,1,2,2,0.750925,0.749075,0.750000,0.000000,0.974555,0.224147,0.000000,0.974555,0.224148,9.560384,-3.613258,0.000000,1,0,16.120120,0.924648
0.190000,4000.004000,-0.413352,5.143192,1,1,2,2,0.751008,0.748992,0.750000,0.000000,0.974556,0.224146,0.000000,0.974555,0.224148,9.560369,-3.614693,0.000000,1,0,16.126560,1.011693
0.200000,4000.005000,-0.449513,5.300414,1,1,2,2,0.751094,0.748906,0.750000,0.000000,0.974556,0.224146,0.000000,0.974555,0.224148,9.560379,-3.616116,0.000000,1,0,16.132960,1.099425
0.210000,4000.006000,-0.485689,5.457698,1,1,2,2,0.751182,0.748818,0.750000,0.000000,0.974555,0.224148,0.000000,0.974555,0.224148,9.560371,-3.617527,0.000000,1,0,16.139320,1.187487
0.220000,4000.007000,-0.521878,5.615042,1,1,2,2,0.751271,0.748729,0.750000,0.000000,0.974556,0.224146,0.000000,0.974555,0.224148,9.560392,-3.618925,0.000000,1,0,16.145650,1.275543
0.230000,4000.008000,-0.558081,5.772447,1,1,2,2,0.751362,0.748638,0.750000,0.000000,0.974556,0.224146,0.000000,0.974555,0.224148,9.560380,-3.620308,0.000000,1,0,16.151920,1.363303
0.240000,4000.010000,-0.594298,5.929911,1,1,2,2,0.751455,0.748545,0.750000,0.000000,0.974555,0.224149,0.000000,0.974555,0.224148,9.560381,-3.621677,0.000000,1,0,16.158140,1.450497
0.250000,4000.011000,-0.630528,6.087434,1,1,2,2,0.751549,0.748451,0.750000,0.000000,0.974556,0.224146,0.000000,0.974555,0.224148,9.560395,-3.623031,0.000000,1,0,16.164320,1.536887
0.260000,4000.013000,-0.666772,6.245016,1,1,2,2,0.751645,0.748355,0.750000,0.000000,0.974555,0.224150,0.000000,0.974555,0.224148,9.560381,-3.624367,0.000000,1,0,16.170450,1.622266
0.270000,4000.015000,-0.703029,6.402654,1,1,2,2,0.751741,0.748259,0.750000,0.000000,0.974556,0.224146,0.000000,0.974555,0.224148,9.560381,-3.625686,0.000000,1,0,16.176530,1.706448
0.280000,4000.017000,-0.739298,6.560349,1,1,2,2,0.751839,0.748161,0.750000,0.000000,0.974556,0.224145,0.000000,0.974555,0.224148,9.560383,-3.626987,0.000000,1,0,16.182550,1.789276
0.290000,4000.019000,-0.775581,6.718100,1,1,2,2,0.751938,0.748062,0.750000,0.000000,0.974556,0.224146,0.000000,0.974555,0.224148,9.560386,-3.628268,0.000000,1,0,16.188520,1.870610
0.300000,4000.021000,-0.811876,6.875906,1,1,2,2,0.752039,0.747962,0.750000,0.000000,0.974556,0.224146,0.000000,0.974555,0.224148,9.560365,-3.629529,0.000000,1,0,16.194430,1.950336
0.310000,4000.024000,-0.848184,7.033765,1,1,2,2,0.752139,0.747861,0.750000,0.000000,0.974556,0.224146,0.000000,0.974555,0.224148,9.560373,-3.630770,0.000000,1,0,16.200290,2.028360
0.320000,4000.027000,-0.884504,7.191678,1,1,2,2,0.752241,0.747759,0.750000,0.000000,0.974555,0.224149,0.000000,0.974555,0.224148,9.560382,-3.631990,0.000000,1,0,16.206090,2.104599
0.330000,4000.030000,-0.920836,7.349643,1,1,2,2,0.752344,0.747656,0.750000,0.000000,0.974556,0.224146,0.000000,0.974555,0.224148,9.560380,-3.633187,0.000000,1,0,16.211840,2.178993
0.340000,4000.033000,-0.957180,7.507658,1,1,2,2,0.752447,0.747553,0.750000,0.000000,0.974555,0.224148,0.000000,0.974555,0.224148,9.560366,-3.634361,0.000000,1,0,16.217530,2.251492
0.350000,4000.037000,-0.993535,7.665724,1,1,2,2,0.752552,0.747449,0.750000,0.000000,0.974555,0.224150,0.000000,0.974555,0.224148,9.560380,-3.635512,0.000000,1,0,16.223160,2.322062
0.360000,4000.041000,-1.029901,7.823839,1,1,2,2,0.752656,0.747344,0.750000,0.000000,0.974556,0.224146,0.000000,0.974555,0.224148,9.560369,-3.636639,0.000000,1,0,16.228740,2.390676
0.370000,4000.045000,-1.066278,7.982002,1,1,2,2,0.752762,0.747238,0.750000,0.000000,0.974555,0.224148,0.000000,0.974555,0.224148,9.560369,-3.637741,0.000000,1,0,16.234260,2.457324
0.380000,4000.050000,-1.102667,8.140211,1,1,2,2,0.752868,0.747132,0.750000,0.000000,0.974556,0.224146,0.000000,0.974555,0.224148,9.560390,-3.638818,0.000000,1,0,16.239720,2.522003
0.390000,4000.054000,-1.139065,8.298467,1,1,2,2,0.752975,0.747026,0.750000,0.000000,0.974556,0.224146,0.000000,0.974555,0.224148,9.560334,-3.639869,0.000000,1,0,16.245120,2.584708
0.400000,4000.059000,-1.175474,8.456766,1,1,2,2,0.753082,0.746919,0.750000,0.000000,0.974556,0.224146,0.000000,0.974555,0.224148,9.560366,-3.640895,-0.000001,1,0,16.250470,2.645465
0.410000,4000.064000,-1.211893,8.615109,1,1,2,2,0.753189,0.746811,0.750000,0.000000,0.974556,0.224146,0.000000,0.974555,0.224148,9.560398,-3.641893,0.000000,1,0,16.255760,2.704277
0.420000,4000.070000,-1.248322,8.773495,1,1,2,2,0.753297,0.746703,0.750000,0.000000,0.980070,0.198653,0.000000,0.974555,0.224148,9.560342,-3.642864,-0.000001,1,0,16.261000,2.761170
0.430000,4000.075000,-1.284760,8.931921,1,1,2,2,0.753406,0.746595,0.750000,0.000000,0.974556,0.224146,0.000000,0.974555,0.224148,9.560387,-3.643809,-0.000001,1,0,16.266180,2.816184
0.440000,4000.081000,-1.321207,9.090387,1,1,2,2,0.753514,0.746486,0.750000,0.000000,0.974556,0.224146,0.000000,0.974555,0.224148,9.560424,-3.644725,-0.000001,1,0,16.271310,2.869327
0.450000,4000.087000,-1.357663,9.248892,1,1,2,2,0.753623,0.746377,0.750000,0.000000,0.974753,0.223287,0.000000,0.974555,0.224148,9.560402,-3.645612,-0.000001,1,0,16.276380,2.920664
0.460000,4000.094000,-1.394128,9.407434,1,1,2,2,0.753733,0.746268,0.750000,0.000000,0.974556,0.224145,0.000000,0.974555,0.224148,9.560383,-3.646472,-0.000001,1,0,16.281400,2.970201
0.470000,4000.101000,-1.430601,9.566012,1,1,2,2,0.753842,0.746158,0.750000,0.000000,0.974556,0.224145,0.000000,0.974555,0.224148,9.560409,-3.647302,0.000000,1,0,16.286370,3.018001
0.480000,4000.108000,-1.467082,9.724626,1,1,2,2,0.753952,0.746048,0.750000,0.000000,0.974556,0.224145,0.000000,0.974555,0.224148,9.560387,-3.648104,0.000001,1,0,16.291280,3.064094
0.490000,4000.115000,-1.503571,9.883272,1,1,2,2,0.754062,0.745938,0.750000,0.000000,0.974556,0.224146,0.000000,0.974555,0.224148,9.560382,-3.648876,0.000000,1,0,16.296150,3.108528
0.500000,4000.123000,-1.540067,10.041950,1,1,2,2,0.754173,0.745827,0.750000,0.000000,0.966743,0.255750,0.000000,0.974555,0.224148,9.560385,-3.649619,0.000001,1,0,16.300960,3.151340
0.510000,4000.131000,-1.576570,10.200660,1,1,2,2,0.754284,0.745717,0.750000,0.000000,0.974555,0.224150,0.000000,0.974555,0.224148,9.560330,-3.650332,0.000001,1,0,16.305720,3.192591
0.520000,4000.140000,-1.613080,10.359400,1,1,2,2,0.754395,0.745606,0.750000,0.000000,0.974556,0.224146,0.000000,0.974555,0.224148,9.560361,-3.651016,0.000000,1,0,16.310440,3.232320
0.530000,4000.149000,-1.649597,10.518170,1,1,2,2,0.754506,0.745495,0.750000,0.000000,0.974556,0.224146,0.000000,0.974555,0.224148,9.560308,-3.651669,0.000000,1,0,16.315100,3.270555
0.540000,4000.158000,-1.686120,10.676970,1,1,2,2,0.754617,0.745384,0.750000,0.000000,0.974555,0.224149,0.000000,0.974555,0.224148,9.560347,-3.652292,0.000000,1,0,16.319720,3.307354
0.550000,4000.167000,-1.722649,10.835790,1,1,2,2,0.754728,0.745272,0.750000,0.000000,0.974556,0.224146,0.000000,0.974555,0.224148,9.560349,-3.652885,-0.000001,1,0,16.324300,3.342774
0.560000,4000.177000,-1.759183,10.994630,1,1,2,2,0.754840,0.745161,0.750001,0.000000,0.968381,0.249475,0.000000,0.974555,0.224148,9.560316,-3.653447,-0.000001,1,0,16.328820,3.376854
0.570000,4000.187000,-1.795723,11.153500,1,1,2,2,0.754952,0.745049,0.750000,0.000000,0.974556,0.224146,0.000000,0.974555,0.224148,9.560357,-3.653978,-0.000002,1,0,16.333300,3.409626
0.580000,4000.198000,-1.832268,11.312390,1,1,2,2,0.755064,0.744938,0.750001,0.000000,0.974556,0.224145,0.000000,0.974555,0.224148,9.560308,-3.654479,-0.000003,1,0,16.337740,3.441143
0.590000,4000.209000,-1.868817,11.471300,1,1,2,2,0.755176,0.744826,0.750001,0.000000,0.974556,0.224145,0.000000,0.974555,0.224148,9.560376,-3.654949,-0.000004,1,0,16.342130,3.471452
0.600000,4000.220000,-1.905371,11.630230,1,1,2,2,0.755287,0.744714,0.750001,0.000000,0.974554,0.224153,0.000000,0.974555,0.224148,9.560379,-3.655387,-0.000004,1,0,16.346480,3.500584
0.610000,4000.231000,-1.941929,11.789180,1,1,2,2,0.755400,0.744602,0.750001,0.000000,0.976786,0.214220,0.000000,0.974555,0.224148,9.560389,-3.655794,-0.000004,1,0,16.350790,3.528594
0.620000,4000.243000,-1.978491,11.948140,1,1,2,2,0.755512,0.744490,0.750001,0.000000,0.974556,0.224146,0.000000,0.974555,0.224148,9.560380,-3.656170,-0.000005,1,0,16.355060,3.555521
0.630000,4000.256000,-2.015056,12.107120,1,1,2,2,0.755624,0.744377,0.750000,0.000000,0.974556,0.224146,0.000000,0.974555,0.224148,9.560425,-3.656515,-0.000004,1,0,16.359290,3.581389
0.640000,4000.268000,-2.051624,12.266120,1,1,2,2,0.755736,0.744265,0.750001,0.000000,0.974556,0.224146,0.000000,0.974555,0.224148,9.560377,-3.656828,-0.000003,1,0,16.363470,3.606259
0.650000,4000.281000,-2.088195,12.425120,1,1,2,2,0.755848,0.744153,0.750001,0.000000,0.974556,0.224146,0.000000,0.974555,0.224148,9.560378,-3.657110,-0.000004,1,0,16.367620,3.630151
0.660000,4000.295000,-2.124769,12.584140,1,1,2,2,0.755961,0.744040,0.750001,0.000000,0.974556,0.224145,0.000000,0.974555,0.224148,9.560379,-3.657361,-0.000003,1,0,16.371730,3.653119
0.670000,4000.308000,-2.161345,12.743160,1,1,2,2,0.756074,0.743928,0.750001,0.000000,0.974556,0.224146,0.000000,0.974555,0.224148,9.560369,-3.657581,-0.000003,1,0,16.375800,3.675183
0.680000,4000.323000,-2.197922,12.902190,1,1,2,2,0.756186,0.743815,0.750001,0.000000,0.974555,0.224149,0.000000,0.974555,0.224148,9.560401,-3.657769,-0.000004,1,0,16.379830,3.696395
0.690000,4000.337000,-2.234501,13.061230,1,1,2,2,0.756298,0.743703,0.750001,0.000000,0.974556,0.224146,0.000000,0.974555,0.224148,9.560378,-3.657925,-0.000003,1,0,16.383820,3.716764
0.700000,4000.352000,-2.271082,13.220280,1,1,2,2,0.756411,0.743590,0.750000,0.000000,0.982263,0.187509,0.000000,0.974555,0.224148,9.560391,-3.658050,-0.000003,1,0,16.387780,3.736336
0.710000,4000.367000,-2.307663,13.379330,1,1,2,2,0.756524,0.743477,0.750000,0.000000,0.974556,0.224145,0.000000,0.974555,0.224148,9.560405,-3.658144,-0.000003,1,0,16.391700,3.755139
0.720000,4000.383000,-2.344245,13.538380,1,1,2,2,0.756636,0.743365,0.750000,0.000000,0.973158,0.230139,0.000000,0.974555,0.224148,9.560407,-3.658206,-0.000003,1,0,16.395590,3.773222
0.730000,4000.399000,-2.380828,13.697430,1,1,2,2,0.756748,0.743252,0.750000,0.000000,0.974555,0.224149,0.000000,0.974555,0.224148,9.560390,-3.658237,-0.000002,1,0,16.399440,3.790581
0.740000,4000.416000,-2.417410,13.856490,1,1,2,2,0.756861,0.743140,0.750000,0.000000,0.974556,0.224145,0.000000,0.974555,0.224148,9.560402,-3.658236,-0.000002,1,0,16.403260,3.807253
0.750000,4000.432000,-2.453992,14.015540,1,1,2,2,0.756973,0.743027,0.750000,0.000000,0.974556,0.224145,0.000000,0.974555,0.224148,9.560419,-3.658204,-0.000002,1,0,16.407050,3.823301
0.760000,4000.450000,-2.490574,14.174590,1,1,2,2,0.757086,0.742914,0.750000,0.000000,0.974555,0.224149,0.000000,0.974555,0.224148,9.560428,-3.658140,-0.000001,1,0,16.410800,3.838709
0.770000,4000.467000,-2.527154,14.333630,1,1,2,2,0.757198,0.742801,0.750000,0.000000,0.974556,0.224145,0.000000,0.974555,0.224148,9.560462,-3.658045,-0.000001,1,0,16.414520,3.853514
0.780000,4000.485000,-2.563734,14.492670,1,1,2,2,0.757311,0.742689,0.750000,0.000000,0.970101,0.242702,0.000000,0.974555,0.224148,9.560471,-3.657918,0.000000,1,0,16.418210,3.867758
0.790000,4000.504000,-2.600311,14.651710,1,1,2,2,0.757423,0.742576,0.749999,0.000000,0.974555,0.224149,0.000000,0.974555,0.224148,9.560471,-3.657759,0.000001,1,0,16.421860,3.881443
0.800000,4000.522000,-2.636887,14.810730,1,1,2,2,0.757536,0.742463,0.750000,0.000000,0.974556,0.224145,0.000000,0.974555,0.224148,9.560433,-3.657569,0.000001,1,0,16.425480,3.894598
0.810000,4000.542000,-2.673460,14.969750,1,1,2,2,0.757649,0.742351,0.750000,0.000000,0.974555,0.224149,0.000000,0.974555,0.224148,9.560382,-3.657348,0.000001,1,0,16.429070,3.907244
0.820000,4000.561000,-2.710032,15.128750,1,1,2,2,0.757761,0.742239,0.750000,0.000000,0.974556,0.224145,0.000000,0.974555,0.224148,9.560376,-3.657096,0.000002,1,0,16.432630,3.919396
0.830000,4000.581000,-2.746600,15.287740,1,1,2,2,0.757874,0.742125,0.750000,0.000000,0.976625,0.214950,0.000000,0.974555,0.224148,9.560423,-3.656813,0.000002,1,0,16.436160,3.931092
0.840000,4000.602000,-2.783165,15.446720,1,1,2,2,0.757986,0.742014,0.750000,0.000000,0.974556,0.224146,0.000000,0.974555,0.224148,9.560389,-3.656498,0.000002,1,0,16.439660,3.942343
0.850000,4000.622000,-2.819726,15.605690,1,1,2,2,0.758099,0.741901,0.750000,0.000000,0.974556,0.224145,0.000000,0.974555,0.224148,9.560381,-3.656152,0.000002,1,0,16.443130,3.953169
0.860000,4000.644000,-2.856284,15.764630,1,1,2,2,0.758211,0.741789,0.750000,0.000000,0.974556,0.224145,0.000000,0.974555,0.224148,9.560383,-3.655775,0.000002,1,0,16.446570,3.963568
0.870000,4000.665000,-2.892838,15.923560,1,1,2,2,0.758323,0.741676,0.749999,0.000000,0.974556,0.224145,0.000000,0.974555,0.224148,9.560431,-3.655367,0.000003,1,0,16.449980,3.973575
0.880000,4000.687000,-2.929387,16.082470,1,1,2,2,0.758436,0.741565,0.750000,0.000000,0.974556,0.224145,0.000000,0.974555,0.224148,9.560288,-3.654927,0.000003,1,0,16.453360,3.983204
0.890000,4000.709000,-2.965931,16.241360,1,1,2,2,0.758548,0.741452,0.750000,0.000000,0.968536,0.248873,0.000000,0.974555,0.224148,9.560356,-3.654457,0.000002,1,0,16.456710,3.992503
0.900000,4000.732000,-3.002471,16.400230,1,1,2,2,0.758660,0.741339,0.750000,0.000000,0.974556,0.224145,0.000000,0.974555,0.224148,9.560415,-3.653955,0.000002,1,0,16.460040,4.001409
0.910000,4000.755000,-3.039005,16.559070,1,1,2,2,0.758772,0.741227,0.750000,0.000000,0.978428,0.206589,0.000000,0.974555,0.224148,9.560413,-3.653421,0.000001,1,0,16.463330,4.010021
0.920000,4000.779000,-3.075534,16.717890,1,1,2,2,0.758884,0.741115,0.749999,0.000000,0.969395,0.245506,0.000000,0.974555,0.224148,9.560452,-3.652856,0.000002,1,0,16.466600,4.018294
0.930000,4000.803000,-3.112056,16.876690,1,1,2,2,0.758996,0.741003,0.749999,0.000000,0.974556,0.224145,0.000000,0.974555,0.224148,9.560415,-3.652260,0.000003,1,0,16.469840,4.026254
0.940000,4000.827000,-3.148573,17.035450,1,1,2,2,0.759109,0.740891,0.750000,0.000000,0.980813,0.194951,0.000000,0.974555,0.224148,9.560369,-3.651633,0.000003,1,0,16.473050,4.033944
0.950000,4000.852000,-3.185083,17.194190,1,1,2,2,0.759221,0.740779,0.750000,0.000000,0.974556,0.224145,0.000000,0.974555,0.224148,9.560345,-3.650975,0.000003,1,0,16.476230,4.041343
0.960000,4000.877000,-3.221586,17.352900,1,1,2,2,0.759333,0.740667,0.750000,0.000000,0.974554,0.224153,0.000000,0.974555,0.224148,9.560322,-3.650287,0.000003,1,0,16.479390,4.048457
0.970000,4000.903000,-3.258081,17.511580,1,1,2,2,0.759444,0.740555,0.749999,0.000000,0.974556,0.224146,0.000000,0.974555,0.224148,9.560431,-3.649568,0.000003,1,0,16.482520,4.055347
0.980000,4000.929000,-3.294569,17.670220,1,1,2,2,0.759556,0.740443,0.749999,0.000000,0.974556,0.224146,0.000000,0.974555,0.224148,9.560440,-3.648816,0.000004,1,0,16.485620,4.061982
0.990000,4000.956000,-3.331050,17.828830,1,1,2,2,0.759668,0.740332,0.750000,0.000000,0.974556,0.224146,0.000000,0.974555,0.224148,9.560309,-3.648034,0.000004,1,0,16.488690,4.068388
1.000000,4000.982000,-3.367522,17.987410,1,1,2,2,0.759780,0.740220,0.750000,0.000000,0.974556,0.224145,0.000000,0.974555,0.224148,9.560347,-3.647221,0.000003,1,0,16.491740,4.074550
1.010000,4001.010000,-3.403986,18.145940,1,1,2,2,0.759891,0.740108,0.750000,0.000000,0.974556,0.224146,0.000000,0.974555,0.224148,9.560414,-3.646378,0.000002,1,0,16.494760,4.080476
1.020000,4001.037000,-3.440441,18.304450,1,1,2,2,0.760003,0.739997,0.750000,0.000000,0.974556,0.224146,0.000000,0.974555,0.224148,9.560328,-3.645503,0.000002,1,0,16.497750,4.086234
1.030000,4001.065000,-3.476887,18.462910,1,1,2,2,0.760115,0.739885,0.750000,0.000000,0.965112,0.261837,0.000000,0.974555,0.224148,9.560316,-3.644597,0.000002,1,0,16.500720,4.091787
1.040000,4001.094000,-3.513323,18.621330,1,1,2,2,0.760227,0.739773,0.750000,0.000000,0.974554,0.224152,0.000000,0.974555,0.224148,9.560305,-3.643661,0.000003,1,0,16.503660,4.097150
1.050000,4001.123000,-3.549750,18.779710,1,1,2,2,0.760338,0.739663,0.750000,0.000000,0.974554,0.224153,0.000000,0.974555,0.224148,9.560273,-3.642694,0.000003,1,0,16.506570,4.102320
1.060000,4001.152000,-3.586167,18.938040,1,1,2,2,0.760450,0.739551,0.750001,0.000000,0.974556,0.224146,0.000000,0.974555,0.224148,9.560260,-3.641697,0.000001,1,0,16.509460,4.107296
1.070000,4001.182000,-3.622574,19.096330,1,1,2,2,0.760560,0.739440,0.750000,0.000000,0.974556,0.224145,0.000000,0.974555,0.224148,9.560406,-3.640669,-0.000001,1,0,16.512320,4.112123
1.080000,4001.212000,-3.658970,19.254570,1,1,2,2,0.760672,0.739328,0.750000,0.000000,0.974556,0.224146,0.000000,0.974555,0.224148,9.560435,-3.639608,-0.000001,1,0,16.515150,4.116790
1.090000,4001.243000,-3.695355,19.412770,1,1,2,2,0.760782,0.739217,0.750000,0.000000,0.974556,0.224146,0.000000,0.974555,0.224148,9.560479,-3.638517,-0.000001,1,0,16.517960,4.121325
1.100000,4001.274000,-3.731729,19.570920,1,1,2,2,0.760893,0.739105,0.749999,0.000000,0.974556,0.224145,0.000000,0.974555,0.224148,9.560466,-3.637394,0.000002,1,0,16.520740,4.125669
1.110000,4001.305000,-3.768091,19.729010,1,1,2,2,0.761005,0.738995,0.750000,0.000000,0.976723,0.214504,0.000000,0.974555,0.224148,9.560263,-3.636241,0.000003,1,0,16.523500,4.129910
1.120000,4001.337000,-3.804442,19.887060,1,1,2,2,0.761116,0.738885,0.750000,0.000000,0.974556,0.224146,0.000000,0.974555,0.224148,9.560279,-3.635058,0.000001,1,0,16.526230,4.133995
1.130000,4001.369000,-3.840780,20.045050,1,1,2,2,0.761227,0.738774,0.750000,0.000000,0.974556,0.224146,0.000000,0.974555,0.224148,9.560353,-3.633845,0.000000,1,0,16.528930,4.137945
1.140000,4001.402000,-3.877106,20.202990,1,1,2,2,0.761338,0.738664,0.750001,0.000000,0.974556,0.224146,0.000000,0.974555,0.224148,9.560306,-3.632600,-0.000001,1,0,16.531610,4.141798
1.150000,4001.435000,-3.913419,20.360880,1,1,2,2,0.761449,0.738553,0.750001,0.000000,0.974554,0.224153,0.000000,0.974555,0.224148,9.560333,-3.631325,-0.000002,1,0,16.534260,4.145498
1.160000,4001.468000,-3.949720,20.518710,1,1,2,2,0.761559,0.738442,0.750001,0.000000,0.974556,0.224145,0.000000,0.974555,0.224148,9.560346,-3.630019,-0.000002,1,0,16.536890,4.149080
1.170000,4001.502000,-3.986006,20.676470,1,1,2,2,0.761670,0.738332,0.750001,0.000000,0.974556,0.224145,0.000000,0.974555,0.224148,9.560279,-3.628682,0.000000,1,0,16.539490,4.152585
1.180000,4001.536000,-4.022280,20.834180,1,1,2,2,0.761780,0.738221,0.750001,0.000000,0.975807,0.218633,0.000000,0.974555,0.224148,9.560320,-3.627316,-0.000002,1,0,16.542060,4.155963
1.190000,4001.571000,-4.058539,20.991830,1,1,2,2,0.761890,0.738111,0.750001,0.000000,0.974556,0.224145,0.000000,0.974555,0.224148,9.560355,-3.625918,-0.000003,1,0,16.544610,4.159248
1.200000,4001.606000,-4.094784,21.149420,1,1,2,2,0.762001,0.738000,0.750001,0.000000,0.974556,0.224145,0.000000,0.974555,0.224148,9.560398,-3.624489,-0.000004,1,0,16.547130,4.162437
1.210000,4001.642000,-4.131014,21.306940,1,1,2,2,0.762111,0.737890,0.750001,0.000000,0.974556,0.224145,0.000000,0.974555,0.224148,9.560353,-3.623029,-0.000004,1,0,16.549630,4.165549
1.220000,4001.678000,-4.167229,21.464400,1,1,2,2,0.762221,0.737780,0.750001,0.000000,0.974554,0.224152,0.000000,0.974555,0.224148,9.560388,-3.621538,-0.000004,1,0,16.552090,4.168535
1.230000,4001.714000,-4.203429,21.621790,1,1,2,2,0.762331,0.737670,0.750001,0.000000,0.974556,0.224146,0.000000,0.974555,0.224148,9.560352,-3.620017,-0.000002,1,0,16.554540,4.171425
1.240000,4001.751000,-4.239614,21.779110,1,1,2,2,0.762441,0.737560,0.750000,0.000000,0.974556,0.224146,0.000000,0.974555,0.224148,9.560362,-3.618465,-0.000002,1,0,16.556960,4.174261
1.250000,4001.788000,-4.275783,21.936370,1,1,2,2,0.762550,0.737450,0.750000,0.000000,0.974556,0.224146,0.000000,0.974555,0.224148,9.560416,-3.616883,-0.000003,1,0,16.559350,4.177026
1.260000,4001.826000,-4.311936,22.093550,1,1,2,2,0.762660,0.737340,0.750000,0.000000,0.974556,0.224146,0.000000,0.974555,0.224148,9.560513,-3.615269,-0.000003,1,0,16.561710,4.179691
1.270000,4001.864000,-4.348072,22.250670,1,1,2,2,0.762770,0.737230,0.750000,0.000000,0.974555,0.224147,0.000000,0.974555,0.224148,9.560498,-3.613625,-0.000003,1,0,16.564050,4.182285
1.280000,4001.902000,-4.384192,22.407710,1,1,2,2,0.762879,0.737120,0.750000,0.000000,0.974556,0.224146,0.000000,0.974555,0.224148,9.560483,-3.611949,-0.000002,1,0,16.566360,4.184825
1.290000,4001.941000,-4.420294,22.564680,1,1,2,2,0.762989,0.737012,0.750000,0.000000,0.974556,0.224146,0.000000,0.974555,0.224148,9.560367,-3.610243,0.000000,1,0,16.568650,4.187265
1.300000,4001.980000,-4.456379,22.721570,1,1,2,2,0.763098,0.736901,0.750000,0.000000,0.981314,0.192412,0.000000,0.974555,0.224148,9.560404,-3.608508,0.000001,1,0,16.570910,4.189672
1.310000,4002.020000,-4.492446,22.878380,1,1,2,2,0.763208,0.736793,0.750000,0.000000,0.974556,0.224146,0.000000,0.974555,0.224148,9.560340,-3.606742,0.000000,1,0,16.573140,4.192013
1.320000,4002.060000,-4.528496,23.035120,1,1,2,2,0.763316,0.736683,0.750000,0.000000,0.974555,0.224147,0.000000,0.974555,0.224148,9.560496,-3.604946,-0.000001,1,0,16.575350,4.194279
1.330000,4002.101000,-4.564527,23.191780,1,1,2,2,0.763426,0.736574,0.750000,0.000000,0.974556,0.224146,0.000000,0.974555,0.224148,9.560418,-3.603117,0.000000,1,0,16.577530,4.196501
1.340000,4002.142000,-4.600540,23.348350,1,1,2,2,0.763534,0.736465,0.750000,0.000000,0.974555,0.224147,0.000000,0.974555,0.224148,9.560485,-3.601259,-0.000001,1,0,16.579690,4.198658
1.350000,4002.183000,-4.636533,23.504850,1,1,2,2,0.763644,0.736356,0.750000,0.000000,0.974555,0.224147,0.000000,0.974555,0.224148,9.560431,-3.599370,0.000001,1,0,16.581820,4.200776
1.360000,4002.225000,-4.672508,23.661260,1,1,2,2,0.763752,0.736248,0.750000,0.000000,0.974555,0.224147,0.000000,0.974555,0.224148,9.560333,-3.597451,0.000002,1,0,16.583920,4.202834
1.370000,4002.267000,-4.708463,23.817580,1,1,2,2,0.763860,0.736139,0.749999,0.000000,0.974556,0.224146,0.000000,0.974555,0.224148,9.560500,-3.595502,0.000002,1,0,16.586000,4.204869
1.380000,4002.309000,-4.744398,23.973820,1,1,2,2,0.763969,0.736029,0.749999,0.000000,0.979059,0.203578,0.000000,0.974555,0.224148,9.560411,-3.593521,0.000003,1,0,16.588050,4.206766
1.390000,4002.352000,-4.780313,24.129980,1,1,2,2,0.764078,0.735922,0.750000,0.000000,0.974556,0.224146,0.000000,0.974555,0.224148,9.560325,-3.591511,0.000003,1,0,16.590070,4.208673
1.400000,4002.396000,-4.816208,24.286040,1,1,2,2,0.764186,0.735814,0.750000,0.000000,0.974556,0.224147,0.000000,0.974555,0.224148,9.560330,-3.589471,0.000002,1,0,16.592060,4.210560
1.410000,4002.440000,-4.852082,24.442010,1,1,2,2,0.764294,0.735705,0.750000,0.000000,0.974555,0.224147,0.000000,0.974555,0.224148,9.560443,-3.587400,0.000001,1,0,16.594030,4.212373
1.420000,4002.484000,-4.887935,24.597900,1,1,2,2,0.764403,0.735597,0.750000,0.000000,0.974555,0.224147,0.000000,0.974555,0.224148,9.560409,-3.585298,0.000001,1,0,16.595970,4.214114
1.430000,4002.529000,-4.923766,24.753690,1,1,2,2,0.764511,0.735489,0.750000,0.000000,0.974555,0.224147,0.000000,0.974555,0.224148,9.560360,-3.583165,0.000002,1,0,16.597890,4.215873
1.440000,4002.574000,-4.959576,24.909380,1,1,2,2,0.764618,0.735381,0.750000,0.000000,0.981942,0.189185,0.000000,0.974555,0.224148,9.560387,-3.581003,0.000003,1,0,16.599780,4.217579
1.450000,4002.619000,-4.995364,25.064980,1,1,2,2,0.764727,0.735273,0.750000,0.000000,0.974554,0.224154,0.000000,0.974555,0.224148,9.560345,-3.578810,0.000003,1,0,16.601640,4.219244
1.460000,4002.665000,-5.031130,25.220490,1,1,2,2,0.764835,0.735166,0.750001,0.000000,0.974556,0.224146,0.000000,0.974555,0.224148,9.560240,-3.576587,0.000002,1,0,16.603470,4.220824
1.470000,4002.711000,-5.066873,25.375890,1,1,2,2,0.764943,0.735058,0.750001,0.000000,0.974555,0.224147,0.000000,0.974555,0.224148,9.560265,-3.574335,0.000001,1,0,16.605280,4.222426
1.480000,4002.758000,-5.102593,25.531200,1,1,2,2,0.765050,0.734951,0.750001,0.000000,0.974555,0.224147,0.000000,0.974555,0.224148,9.560305,-3.572052,-0.000001,1,0,16.607060,4.223991
1.490000,4002.805000,-5.138291,25.686410,1,1,2,2,0.765158,0.734843,0.750001,0.000000,0.974555,0.224147,0.000000,0.974555,0.224148,9.560315,-3.569738,-0.000002,1,0,16.608810,4.225521
1.500000,4002.853000,-5.173965,25.841510,1,1,2,2,0.765264,0.734736,0.750000,0.000000,0.974715,0.223453,0.000000,0.974555,0.224148,9.560349,-3.567394,-0.000001,1,0,16.610540,4.226988
1.510000,4002.901000,-5.209615,25.996510,1,1,2,2,0.765372,0.734629,0.750000,0.000000,0.974556,0.224146,0.000000,0.974555,0.224148,9.560337,-3.565019,-0.000001,1,0,16.612230,4.228464
1.520000,4002.949000,-5.245241,26.151410,1,1,2,2,0.765479,0.734522,0.750001,0.000000,0.974556,0.224146,0.000000,0.974555,0.224148,9.560327,-3.562613,-0.000002,1,0,16.613900,4.229924
1.530000,4002.998000,-5.280843,26.306200,1,1,2,2,0.765586,0.734415,0.750001,0.000000,0.974555,0.224147,0.000000,0.974555,0.224148,9.560342,-3.560178,-0.000003,1,0,16.615550,4.231304
1.540000,4003.047000,-5.316420,26.460880,1,1,2,2,0.765692,0.734308,0.750000,0.000000,0.974555,0.224147,0.000000,0.974555,0.224148,9.560437,-3.557712,-0.000004,1,0,16.617160,4.232638
1.550000,4003.097000,-5.351972,26.615450,1,1,2,2,0.765799,0.734201,0.750000,0.000000,0.974556,0.224147,0.000000,0.974555,0.224148,9.560423,-3.555215,-0.000004,1,0,16.618750,4.233974
1.560000,4003.147000,-5.387499,26.769920,1,1,2,2,0.765906,0.734095,0.750000,0.000000,0.974556,0.224146,0.000000,0.974555,0.224148,9.560386,-3.552687,-0.000003,1,0,16.620310,4.235336
1.570000,4003.197000,-5.423000,26.924270,1,1,2,2,0.766012,0.733989,0.750000,0.000000,0.974555,0.224147,0.000000,0.974555,0.224148,9.560374,-3.550130,-0.000001,1,0,16.621840,4.236612
1.580000,4003.248000,-5.458476,27.078510,1,1,2,2,0.766119,0.733883,0.750001,0.000000,0.974556,0.224146,0.000000,0.974555,0.224148,9.560289,-3.547543,-0.000001,1,0,16.623340,4.237889
1.590000,4003.299000,-5.493925,27.232640,1,1,2,2,0.766225,0.733777,0.750001,0.000000,0.974556,0.224146,0.000000,0.974555,0.224148,9.560266,-3.544926,-0.000003,1,0,16.624820,4.239112
1.600000,4003.351000,-5.529347,27.386650,1,1,2,2,0.766332,0.733671,0.750001,0.000000,0.974555,0.224147,0.000000,0.974555,0.224148,9.560266,-3.542279,-0.000005,1,0,16.626270,4.240295
1.610000,4003.403000,-5.564744,27.540550,1,1,2,2,0.766437,0.733565,0.750001,0.000000,0.974555,0.224147,0.000000,0.974555,0.224148,9.560317,-3.539602,-0.000006,1,0,16.627690,4.241479
1.620000,4003.456000,-5.600112,27.694330,1,1,2,2,0.766544,0.733459,0.750001,0.000000,0.974556,0.224146,0.000000,0.974555,0.224148,9.560319,-3.536894,-0.000007,1,0,16.629080,4.242664
1.630000,4003.509000,-5.635454,27.847990,1,1,2,2,0.766649,0.733353,0.750001,0.000000,0.974555,0.224147,0.000000,0.974555,0.224148,9.560398,-3.534155,-0.000006,1,0,16.630440,4.243844
1.640000,4003.562000,-5.670768,28.001520,1,1,2,2,0.766754,0.733247,0.750001,0.000000,0.974556,0.224146,0.000000,0.974555,0.224148,9.560435,-3.531386,-0.000005,1,0,16.631770,4.244948
1.650000,4003.615000,-5.706054,28.154940,1,1,2,2,0.766859,0.733141,0.750000,0.000000,0.974556,0.224146,0.000000,0.974555,0.224148,9.560452,-3.528586,-0.000006,1,0,16.633080,4.246039
1.660000,4003.670000,-5.741312,28.308230,1,1,2,2,0.766965,0.733036,0.750001,0.000000,0.974555,0.224147,0.000000,0.974555,0.224148,9.560431,-3.525756,-0.000006,1,0,16.634360,4.247135
1.670000,4003.724000,-5.776540,28.461400,1,1,2,2,0.767070,0.732931,0.750001,0.000000,0.974556,0.224146,0.000000,0.974555,0.224148,9.560388,-3.522896,-0.000006,1,0,16.635610,4.248175
1.680000,4003.779000,-5.811740,28.614450,1,1,2,2,0.767175,0.732826,0.750001,0.000000,0.974555,0.224147,0.000000,0.974555,0.224148,9.560431,-3.520006,-0.000006,1,0,16.636830,4.249256
1.690000,4003.834000,-5.846911,28.767360,1,1,2,2,0.767279,0.732721,0.750000,0.000000,0.974555,0.224147,0.000000,0.974555,0.224148,9.560510,-3.517086,-0.000005,1,0,16.638020,4.250262
1.700000,4003.890000,-5.882053,28.920150,1,1,2,2,0.767384,0.732615,0.750000,0.000000,0.974555,0.224147,0.000000,0.974555,0.224148,9.560469,-3.514135,-0.000003,1,0,16.639180,4.251269
1.710000,4003.946000,-5.917164,29.072810,1,1,2,2,0.767489,0.732511,0.750000,0.000000,0.974555,0.224147,0.000000,0.974555,0.224148,9.560425,-3.511154,-0.000002,1,0,16.640310,4.252223
1.720000,4004.003000,-5.952246,29.225340,1,1,2,2,0.767594,0.732407,0.750001,0.000000,0.974556,0.224146,0.000000,0.974555,0.224148,9.560324,-3.508143,-0.000002,1,0,16.641420,4.253175
1.730000,4004.060000,-5.987297,29.377730,1,1,2,2,0.767698,0.732303,0.750001,0.000000,0.974556,0.224146,0.000000,0.974555,0.224148,9.560381,-3.505104,-0.000003,1,0,16.642490,4.254158
1.740000,4004.117000,-6.022317,29.529990,1,1,2,2,0.767802,0.732198,0.750000,0.000000,0.974556,0.224146,0.000000,0.974555,0.224148,9.560435,-3.502033,-0.000004,1,0,16.643540,4.255076
1.750000,4004.175000,-6.057306,29.682120,1,1,2,2,0.767907,0.732094,0.750000,0.000000,0.974556,0.224146,0.000000,0.974555,0.224148,9.560392,-3.498933,-0.000003,1,0,16.644560,4.255997
1.760000,4004.233000,-6.092264,29.834110,1,1,2,2,0.768011,0.731990,0.750001,0.000000,0.974556,0.224146,0.000000,0.974555,0.224148,9.560333,-3.495802,-0.000001,1,0,16.645550,4.256859
1.770000,4004.292000,-6.127191,29.985970,1,1,2,2,0.768115,0.731886,0.750000,0.000000,0.974556,0.224146,0.000000,0.974555,0.224148,9.560357,-3.492642,-0.000001,1,0,16.646510,4.257763
1.780000,4004.351000,-6.162085,30.137680,1,1,2,2,0.768218,0.731783,0.750001,0.000000,0.979171,0.203036,0.000000,0.974555,0.224148,9.560361,-3.489452,-0.000002,1,0,16.647430,4.258633
1.790000,4004.410000,-6.196948,30.289260,1,1,2,2,0.768322,0.731678,0.750000,0.000000,0.974555,0.224147,0.000000,0.974555,0.224148,9.560467,-3.486232,-0.000003,1,0,16.648330,4.259461
1.800000,4004.470000,-6.231777,30.440690,1,1,2,2,0.768425,0.731575,0.750000,0.000000,0.974556,0.224146,0.000000,0.974555,0.224148,9.560448,-3.482981,-0.000003,1,0,16.649200,4.260296
1.810000,4004.530000,-6.266574,30.591980,1,1,2,2,0.768528,0.731472,0.750000,0.000000,0.974555,0.224147,0.000000,0.974555,0.224148,9.560520,-3.479701,-0.000003,1,0,16.650040,4.261119
1.820000,4004.591000,-6.301338,30.743130,1,1,2,2,0.768631,0.731369,0.750000,0.000000,0.974556,0.224146,0.000000,0.974555,0.224148,9.560431,-3.476390,-0.000001,1,0,16.650850,4.261953
1.830000,4004.652000,-6.336069,30.894130,1,1,2,2,0.768734,0.731265,0.750000,0.000000,0.974555,0.224147,0.000000,0.974555,0.224148,9.560428,-3.473049,0.000001,1,0,16.651630,4.262731
1.840000,4004.713000,-6.370765,31.044990,1,1,2,2,0.768838,0.731163,0.750000,0.000000,0.975437,0.220281,0.000000,0.974555,0.224148,9.560298,-3.469679,0.000001,1,0,16.652380,4.263473
1.850000,4004.775000,-6.405428,31.195700,1,1,2,2,0.768940,0.731061,0.750001,0.000000,0.974556,0.224146,0.000000,0.974555,0.224148,9.560302,-3.466281,0.000000,1,0,16.653100,4.264204
1.860000,4004.837000,-6.440056,31.346250,1,1,2,2,0.769043,0.730958,0.750001,0.000000,0.974555,0.224147,0.000000,0.974555,0.224148,9.560337,-3.462852,-0.000002,1,0,16.653800,4.264990
1.870000,4004.900000,-6.474650,31.496660,1,1,2,2,0.769145,0.730855,0.750000,0.000000,0.974554,0.224153,0.000000,0.974555,0.224148,9.560384,-3.459394,-0.000003,1,0,16.654460,4.265695
1.880000,4004.963000,-6.509210,31.646920,1,1,2,2,0.769247,0.730753,0.750000,0.000000,0.974557,0.224139,0.000000,0.974555,0.224148,9.560397,-3.455905,-0.000002,1,0,16.655080,4.266405
1.890000,4005.026000,-6.543734,31.797020,1,1,2,2,0.769350,0.730651,0.750001,0.000000,0.972757,0.231828,0.000000,0.974555,0.224148,9.560330,-3.452386,-0.000001,1,0,16.655680,4.267068
1.900000,4005.090000,-6.578222,31.946970,1,1,2,2,0.769452,0.730550,0.750001,0.000000,0.974555,0.224147,0.000000,0.974555,0.224148,9.560256,-3.448839,-0.000002,1,0,16.656250,4.267765
1.910000,4005.154000,-6.612674,32.096770,1,1,2,2,0.769554,0.730447,0.750001,0.000000,0.974552,0.224161,0.000000,0.974555,0.224148,9.560371,-3.445262,-0.000003,1,0,16.656790,4.268424
1.920000,4005.219000,-6.647091,32.246400,1,1,2,2,0.769656,0.730344,0.750000,0.000000,0.974551,0.224168,0.000000,0.974555,0.224148,9.560492,-3.441655,-0.000003,1,0,16.657300,4.269101
1.930000,4005.284000,-6.681471,32.395880,1,1,2,2,0.769756,0.730244,0.750000,0.000000,0.974554,0.224152,0.000000,0.974555,0.224148,9.560429,-3.438017,-0.000003,1,0,16.657780,4.269738
1.940000,4005.349000,-6.715815,32.545200,1,1,2,2,0.769857,0.730142,0.750000,0.000000,0.974549,0.224175,0.000000,0.974555,0.224148,9.560496,-3.434350,-0.000003,1,0,16.658220,4.270399
1.950000,4005.415000,-6.750121,32.694360,1,1,2,2,0.769958,0.730041,0.750000,0.000000,0.974552,0.224161,0.000000,0.974555,0.224148,9.560479,-3.430653,-0.000002,1,0,16.658640,4.270950
1.960000,4005.481000,-6.784390,32.843360,1,1,2,2,0.770059,0.729941,0.750000,0.000000,0.974556,0.224145,0.000000,0.974555,0.224148,9.560425,-3.426927,-0.000002,1,0,16.659030,4.271578
1.970000,4005.548000,-6.818622,32.992190,1,1,2,2,0.770160,0.729839,0.750000,0.000000,0.964846,0.262817,0.000000,0.974555,0.224148,9.560421,-3.423171,-0.000001,1,0,16.659380,4.272161
1.980000,4005.615000,-6.852816,33.140860,1,1,2,2,0.770261,0.729739,0.750000,0.000000,0.974549,0.224175,0.000000,0.974555,0.224148,9.560306,-3.419386,0.000001,1,0,16.659700,4.272710
1.990000,4005.682000,-6.886972,33.289360,1,1,2,2,0.770363,0.729637,0.750000,0.000000,0.978283,0.207273,0.000000,0.974555,0.224148,9.560398,-3.415573,0.000000,1,0,16.660000,4.273291
2.000000,4005.750000,-6.921089,33.437700,1,1,2,2,0.770462,0.729538,0.750000,0.000000,0.974552,0.224160,0.000000,0.974555,0.224148,9.560394,-3.411730,0.000000,1,0,16.660260,4.273809
2.010000,4005.818000,-6.955168,33.585870,1,1,2,2,0.770563,0.729436,0.750000,0.000000,0.974552,0.224160,0.000000,0.974555,0.224148,9.560446,-3.407857,-0.000001,1,0,16.660490,4.274322
2.020000,4005.886000,-6.989207,33.733860,1,1,2,2,0.770663,0.729337,0.750000,0.000000,0.974549,0.224175,0.000000,0.974555,0.224148,9.560466,-3.403955,-0.000001,1,0,16.660690,4.274884
2.030000,4005.955000,-7.023208,33.881690,1,1,2,2,0.770763,0.729237,0.750000,0.000000,0.974549,0.224175,0.000000,0.974555,0.224148,9.560407,-3.400023,0.000000,1,0,16.660850,4.275361
2.040000,4006.024000,-7.057168,34.029350,1,1,2,2,0.770862,0.729137,0.749999,0.000000,0.974549,0.224174,0.000000,0.974555,0.224148,9.560446,-3.396062,0.000002,1,0,16.660990,4.275874
2.050000,4006.094000,-7.091089,34.176830,1,1,2,2,0.770961,0.729036,0.749998,0.000000,0.969376,0.245583,0.000000,0.974555,0.224148,9.560594,-3.392072,0.000004,1,0,16.661090,4.276357
2.060000,4006.164000,-7.124970,34.324130,1,1,2,2,0.771062,0.728937,0.749999,0.000000,0.974556,0.224145,0.000000,0.974555,0.224148,9.560345,-3.388051,0.000006,1,0,16.661170,4.276769
2.070000,4006.235000,-7.158810,34.471260,1,1,2,2,0.771160,0.728838,0.749999,0.000000,0.974559,0.224130,0.000000,0.974555,0.224148,9.560434,-3.384004,0.000005,1,0,16.661210,4.277271
2.080000,4006.305000,-7.192609,34.618220,1,1,2,2,0.771260,0.728739,0.749999,0.000000,0.974552,0.224160,0.000000,0.974555,0.224148,9.560396,-3.379926,0.000005,1,0,16.661220,4.277679
2.090000,4006.377000,-7.226367,34.764990,1,1,2,2,0.771359,0.728640,0.749999,0.000000,0.974549,0.224175,0.000000,0.974555,0.224148,9.560383,-3.375820,0.000004,1,0,16.661200,4.278126
2.100000,4006.448000,-7.260084,34.911590,1,1,2,2,0.771458,0.728540,0.749999,0.000000,0.974556,0.224145,0.000000,0.974555,0.224148,9.560419,-3.371685,0.000005,1,0,16.661140,4.278530
2.110000,4006.520000,-7.293759,35.058000,1,1,2,2,0.771557,0.728443,0.750000,0.000000,0.974556,0.224145,0.000000,0.974555,0.224148,9.560264,-3.367520,0.000006,1,0,16.661050,4.278944
2.120000,4006.593000,-7.327393,35.204240,1,1,2,2,0.771655,0.728345,0.750000,0.000000,0.974552,0.224160,0.000000,0.974555,0.224148,9.560297,-3.363328,0.000004,1,0,16.660940,4.279345
2.130000,4006.666000,-7.360984,35.350280,1,1,2,2,0.771754,0.728246,0.750000,0.000000,0.974553,0.224159,0.000000,0.974555,0.224148,9.560321,-3.359107,0.000003,1,0,16.660790,4.279677
2.140000,4006.739000,-7.394532,35.496150,1,1,2,2,0.771850,0.728148,0.749999,0.000000,0.964569,0.263831,0.000000,0.974555,0.224148,9.560480,-3.354857,0.000003,1,0,16.660600,4.280100
2.150000,4006.812000,-7.428038,35.641820,1,1,2,2,0.771947,0.728050,0.749999,0.000000,0.974556,0.224145,0.000000,0.974555,0.224148,9.560501,-3.350576,0.000004,1,0,16.660390,4.280411
2.160000,4006.886000,-7.461501,35.787310,1,1,2,2,0.772047,0.727951,0.749999,0.000000,0.974552,0.224160,0.000000,0.974555,0.224148,9.560459,-3.346267,0.000006,1,0,16.660140,4.280754
2.170000,4006.960000,-7.494920,35.932610,1,1,2,2,0.772145,0.727855,0.750000,0.000000,0.976922,0.213596,0.000000,0.974555,0.224148,9.560276,-3.341929,0.000006,1,0,16.659860,4.281090
2.180000,4007.035000,-7.528296,36.077720,1,1,2,2,0.772242,0.727757,0.749999,0.000000,0.974549,0.224175,0.000000,0.974555,0.224148,9.560449,-3.337564,0.000004,1,0,16.659550,4.281376
2.190000,4007.110000,-7.561627,36.222640,1,1,2,2,0.772339,0.727659,0.749999,0.000000,0.974553,0.224160,0.000000,0.974555,0.224148,9.560443,-3.333169,0.000005,1,0,16.659210,4.281708
2.200000,4007.186000,-7.594915,36.367370,1,1,2,2,0.772437,0.727563,0.750000,0.000000,0.974553,0.224159,0.000000,0.974555,0.224148,9.560243,-3.328745,0.000006,1,0,16.658830,4.282013
2.210000,4007.262000,-7.628158,36.511910,1,1,2,2,0.772534,0.727466,0.750000,0.000000,0.974549,0.224175,0.000000,0.974555,0.224148,9.560279,-3.324295,0.000005,1,0,16.658420,4.282270
2.220000,4007.338000,-7.661356,36.656250,1,1,2,2,0.772631,0.727370,0.750000,0.000000,0.974553,0.224160,0.000000,0.974555,0.224148,9.560244,-3.319816,0.000004,1,0,16.657980,4.282549
2.230000,4007.415000,-7.694510,36.800390,1,1,2,2,0.772727,0.727272,0.749999,0.000000,0.974549,0.224175,0.000000,0.974555,0.224148,9.560464,-3.315309,0.000002,1,0,16.657500,4.282776
2.240000,4007.491000,-7.727617,36.944340,1,1,2,2,0.772823,0.727175,0.749999,0.000000,0.974556,0.224144,0.000000,0.974555,0.224148,9.560544,-3.310771,0.000002,1,0,16.657000,4.282996
2.250000,4007.569000,-7.760679,37.088090,1,1,2,2,0.772920,0.727080,0.750000,0.000000,0.974552,0.224161,0.000000,0.974555,0.224148,9.560348,-3.306204,0.000003,1,0,16.656450,4.283253
2.260000,4007.646000,-7.793695,37.231640,1,1,2,2,0.773015,0.726984,0.749999,0.000000,0.974556,0.224144,0.000000,0.974555,0.224148,9.560452,-3.301610,0.000002,1,0,16.655880,4.283476
2.270000,4007.725000,-7.826665,37.374980,1,1,2,2,0.773112,0.726888,0.750000,0.000000,0.974552,0.224160,0.000000,0.974555,0.224148,9.560405,-3.296988,0.000003,1,0,16.655270,4.283698
2.280000,4007.803000,-7.859589,37.518130,1,1,2,2,0.773206,0.726793,0.749999,0.000000,0.974553,0.224160,0.000000,0.974555,0.224148,9.560404,-3.292337,0.000004,1,0,16.654630,4.283908
2.290000,4007.882000,-7.892465,37.661070,1,1,2,2,0.773302,0.726697,0.749999,0.000000,0.974549,0.224175,0.000000,0.974555,0.224148,9.560455,-3.287658,0.000004,1,0,16.653960,4.284037
2.300000,4007.961000,-7.925294,37.803810,1,1,2,2,0.773399,0.726601,0.750000,0.000000,0.974553,0.224160,0.000000,0.974555,0.224148,9.560258,-3.282951,0.000006,1,0,16.653260,4.284178
2.310000,4008.041000,-7.958076,37.946340,1,1,2,2,0.773494,0.726507,0.750001,0.000000,0.978981,0.203954,0.000000,0.974555,0.224148,9.560169,-3.278218,0.000004,1,0,16.652520,4.284383
2.320000,4008.121000,-7.990811,38.088670,1,1,2,2,0.773589,0.726413,0.750001,0.000000,0.974549,0.224174,0.000000,0.974555,0.224148,9.560226,-3.273457,0.000001,1,0,16.651740,4.284518
2.330000,4008.201000,-8.023498,38.230780,1,1,2,2,0.773684,0.726317,0.750001,0.000000,0.974552,0.224161,0.000000,0.974555,0.224148,9.560277,-3.268668,-0.000001,1,0,16.650940,4.284626
2.340000,4008.282000,-8.056136,38.372690,1,1,2,2,0.773778,0.726223,0.750001,0.000000,0.974552,0.224160,0.000000,0.974555,0.224148,9.560287,-3.263851,-0.000001,1,0,16.650100,4.284738
2.350000,4008.363000,-8.088726,38.514390,1,1,2,2,0.773874,0.726129,0.750001,0.000000,0.974549,0.224176,0.000000,0.974555,0.224148,9.560173,-3.259005,-0.000001,1,0,16.649220,4.284813
2.360000,4008.445000,-8.121267,38.655870,1,1,2,2,0.773967,0.726035,0.750001,0.000000,0.974549,0.224175,0.000000,0.974555,0.224148,9.560291,-3.254133,-0.000003,1,0,16.648320,4.284913
2.370000,4008.527000,-8.153760,38.797140,1,1,2,2,0.774061,0.725940,0.750001,0.000000,0.974553,0.224160,0.000000,0.974555,0.224148,9.560416,-3.249232,-0.000005,1,0,16.647380,4.285014
2.380000,4008.609000,-8.186203,38.938190,1,1,2,2,0.774155,0.725846,0.750000,0.000000,0.974560,0.224128,0.000000,0.974555,0.224148,9.560427,-3.244302,-0.000005,1,0,16.646400,4.285054
2.390000,4008.691000,-8.218596,39.079040,1,1,2,2,0.774248,0.725753,0.750001,0.000000,0.974549,0.224174,0.000000,0.974555,0.224148,9.560372,-3.239344,-0.000005,1,0,16.645390,4.285098
2.400000,4008.774000,-8.250940,39.219660,1,1,2,2,0.774342,0.725659,0.750000,0.000000,0.974556,0.224143,0.000000,0.974555,0.224148,9.560468,-3.234359,-0.000005,1,0,16.644350,4.285182
2.410000,4008.858000,-8.283234,39.360070,1,1,2,2,0.774436,0.725565,0.750001,0.000000,0.974556,0.224143,0.000000,0.974555,0.224148,9.560417,-3.229346,-0.000005,1,0,16.643280,4.285250
2.420000,4008.941000,-8.315476,39.500260,1,1,2,2,0.774529,0.725472,0.750000,0.000000,0.974556,0.224143,0.000000,0.974555,0.224148,9.560463,-3.224306,-0.000005,1,0,16.642170,4.285215
2.430000,4009.025000,-8.347669,39.640220,1,1,2,2,0.774621,0.725380,0.750000,0.000000,0.974553,0.224159,0.000000,0.974555,0.224148,9.560455,-3.219238,-0.000005,1,0,16.641020,4.285238
2.440000,4009.110000,-8.379810,39.779960,1,1,2,2,0.774713,0.725286,0.749999,0.000000,0.974549,0.224175,0.000000,0.974555,0.224148,9.560567,-3.214143,-0.000003,1,0,16.639840,4.285168
2.450000,4009.195000,-8.411901,39.919490,1,1,2,2,0.774805,0.725194,0.749999,0.000000,0.974553,0.224159,0.000000,0.974555,0.224148,9.560537,-3.209019,-0.000001,1,0,16.638630,4.285159
2.460000,4009.280000,-8.443939,40.058780,1,1,2,2,0.774898,0.725101,0.750000,0.000000,0.974553,0.224158,0.000000,0.974555,0.224148,9.560444,-3.203868,0.000002,1,0,16.637390,4.285154
2.470000,4009.365000,-8.475926,40.197860,1,1,2,2,0.774990,0.725007,0.749998,0.000000,0.974549,0.224174,0.000000,0.974555,0.224148,9.560620,-3.198692,0.000003,1,0,16.636110,4.285132
2.480000,4009.451000,-8.507861,40.336700,1,1,2,2,0.775081,0.724917,0.749999,0.000000,0.974549,0.224173,0.000000,0.974555,0.224148,9.560451,-3.193486,0.000004,1,0,16.634790,4.285060
2.490000,4009.537000,-8.539743,40.475320,1,1,2,2,0.775173,0.724826,0.749999,0.000000,0.974550,0.224172,0.000000,0.974555,0.224148,9.560403,-3.188255,0.000004,1,0,16.633440,4.284968
