route,before_height_sd_mm,after_height_sd_mm,before_support_sd,after_support_sd,before_transitions,after_transitions
Flat,0.00992274224094488,0.0,0.001554293800397957,0.0,0,0
OneSki,10.03063286029345,0.00408545915940826,1.482661149948059,0.00048466716248892784,0,0
ProductionExistingParkLine,184.78116249407353,125.94427601483987,21.730590062939736,6.463128348495018,34,5
ProductionExistingRailLine,60.173836688875554,94.75769521990155,6.959578632921703,7.499461461236729,5,3
ProductionGentleCarve,1.8959501502940448,0.8218536105049339,0.3386072310267516,0.14126800033594167,1,1
ProductionHardCarve,5.703528494219611,5.824207947789982,0.6253050824195798,0.6132055464435676,1,1
ProductionLargeJump,218.8844401490223,130.3230642135786,33.58168678951394,5.61512724060116,13,3
ProductionRoughTerrain,4.601413287173299,3.9980063749198775,0.5606409056347509,0.36436325309836665,1,1
ProductionSmallJump,138.4161654688838,99.19095272379741,11.692383767934317,5.165525671018044,13,3
ProductionStraight,3.844505406287654,2.661008689007796,0.5397443534218898,0.2659531108513903,1,1
ProductionUndulations,7.652870206105941,8.396432506749278,0.7627825521331074,0.6472579561050846,1,1
Ripple,38.497503285840146,36.68391317244253,8.021570692708359,7.897571986237769,0,0
Rollers,20.91294869561387,22.90219035459248,2.1185612218005163,1.7218400200066106,0,0
Seam,25.303114866147933,20.236363923353025,3.747100762365265,3.3953076880021267,0,0
Slope,10.009188023351097,0.004131564137490986,1.2501096898731683,0.0004913421689679994,0,0
SlopeGentleCarve,4.374549320223365,0.0007016171795849223,0.767801877967129,8.243474483225745e-05,0,0
SlopeHardCarve,3.1203275960207897,0.0006007772743322529,0.4619741317351687,5.5148157620024476e-05,0,0
