time,x,y,z,leftRaw,rightRaw,left,right,leftSamples,rightSamples,leftRawHeight,rightRawHeight,leftHeight,rightHeight,height,rawNx,rawNy,rawNz,filteredNx,filteredNy,filteredNz,supportNx,supportNy,supportNz,supportAcceleration,verticalVelocity,normalVelocity,grounded,transitions,speed,lateralAcceleration,rail,bailed
0.000000,74.851730,110.928500,1080.069000,1,1,1,1,2,2,0.787658,0.706714,0.787658,0.706714,0.747186,-0.211208,0.974916,0.070212,-0.211208,0.974916,0.070212,-0.198856,0.975870,0.090189,10.834490,-1.443771,-0.030187,1,1,16.000000,0.000000,0,0
0.010000,74.854440,110.914100,1080.228000,1,1,1,1,2,2,0.784173,0.703326,0.784173,0.703326,0.743750,-0.211509,0.974923,0.069200,-0.211509,0.974923,0.069200,-0.199950,0.975812,0.088385,11.860990,-1.435342,-0.046528,1,1,15.999740,-1.957292,0,0
0.020000,74.856900,110.900000,1080.387000,1,1,1,1,2,2,0.781085,0.699568,0.781085,0.699568,0.740326,-0.211508,0.974887,0.069709,-0.211508,0.974887,0.069709,-0.200948,0.975751,0.086779,12.545410,-1.411698,-0.049280,1,1,15.939870,-1.933745,0,0
0.030000,74.859110,110.886200,1080.545000,1,1,1,1,2,2,0.767680,0.686025,0.767680,0.686025,0.726853,-0.211763,0.976126,0.048323,-0.211763,0.976126,0.048323,-0.201892,0.975844,0.083474,15.543320,-1.381444,-0.072152,1,1,15.880110,-1.910159,0,0
0.040000,74.861000,110.873000,1080.703000,1,1,1,1,2,2,0.762086,0.680729,0.762086,0.680729,0.721408,-0.212240,0.975997,0.048832,-0.212240,0.975997,0.048832,-0.202793,0.975908,0.080496,16.210790,-1.322092,-0.059619,1,1,15.820200,-1.884090,0,0
0.050000,74.862560,110.860400,1080.860000,1,1,1,1,2,2,0.757164,0.675808,0.757164,0.675808,0.716486,-0.212240,0.975997,0.048832,-0.212240,0.975997,0.048832,-0.203615,0.975957,0.077774,16.511250,-1.256372,-0.036184,1,1,15.760340,-1.860518,0,0
0.060000,74.863790,110.848500,1081.016000,1,1,1,1,2,2,0.752960,0.671603,0.752960,0.671603,0.712281,-0.212233,0.975998,0.048830,-0.212233,0.975998,0.048830,-0.204364,0.975996,0.075285,16.511300,-1.187853,-0.005896,1,1,15.700580,-1.836981,0,0
0.070000,74.864690,110.837300,1081.172000,1,1,1,1,2,2,0.749464,0.668111,0.749464,0.668111,0.708788,-0.212233,0.975998,0.048830,-0.212233,0.975998,0.048830,-0.205048,0.976025,0.073010,16.295790,-1.119456,0.027889,1,1,15.640990,-1.813414,0,0
0.080000,74.865270,110.826800,1081.328000,1,1,1,1,2,2,0.746649,0.664826,0.746649,0.664826,0.705737,-0.212246,0.976021,0.048324,-0.212246,0.976021,0.048324,-0.205672,0.976050,0.070888,15.991670,-1.053271,0.062028,1,1,15.581590,-1.789775,0,0
0.090000,74.865540,110.816900,1081.483000,1,1,1,1,2,2,0.744490,0.662682,0.744490,0.662682,0.703586,-0.212232,0.976024,0.048321,-0.212232,0.976024,0.048321,-0.206241,0.976069,0.068947,15.527780,-0.990155,0.096079,1,1,15.522380,-1.766040,0,0
0.100000,74.865500,110.807600,1081.637000,1,1,1,1,2,2,0.742933,0.661624,0.742933,0.661624,0.702279,-0.212233,0.975998,0.048830,-0.212233,0.975998,0.048830,-0.206761,0.976080,0.067217,14.943840,-0.931655,0.128855,1,1,15.463340,-1.742232,0,0
0.110000,74.865180,110.798800,1081.791000,1,1,1,1,2,2,0.741932,0.660640,0.741932,0.660640,0.701286,-0.212233,0.975998,0.048830,-0.212233,0.975998,0.048830,-0.207235,0.976087,0.065635,14.389380,-0.878930,0.158183,1,1,15.404460,-1.718398,0,0
0.120000,74.864590,110.790500,1081.944000,1,1,1,1,2,2,0.741417,0.660146,0.741417,0.660146,0.700781,-0.212227,0.976000,0.048829,-0.212227,0.976000,0.048829,-0.207667,0.976091,0.064190,13.831080,-0.831682,0.184149,1,1,15.345730,-1.694491,0,0
0.130000,74.863730,110.782600,1082.097000,1,1,1,1,2,2,0.741331,0.659608,0.741331,0.659608,0.700469,-0.212252,0.976019,0.048326,-0.212252,0.976019,0.048326,-0.208063,0.976096,0.062826,13.344820,-0.789940,0.205847,1,1,15.287120,-1.670542,0,0
0.140000,74.862630,110.775000,1082.249000,1,1,1,1,2,2,0.741626,0.660425,0.741626,0.660425,0.701026,-0.212233,0.975998,0.048830,-0.212233,0.975998,0.048830,-0.208424,0.976095,0.061622,12.760770,-0.752993,0.225205,1,1,15.228630,-1.646616,0,0
0.150000,74.861300,110.767800,1082.400000,1,1,1,1,2,2,0.742250,0.661086,0.742250,0.661086,0.701668,-0.212233,0.975998,0.048830,-0.212233,0.975998,0.048830,-0.208753,0.976094,0.060522,12.266290,-0.721786,0.240360,1,1,15.170230,-1.622751,0,0
0.160000,74.859740,110.760900,1082.551000,1,1,1,1,2,2,0.743138,0.662024,0.743138,0.662024,0.702581,-0.212240,0.975997,0.048832,-0.212240,0.975997,0.048832,-0.209054,0.976091,0.059516,11.809360,-0.695436,0.252059,1,1,15.111930,-1.598930,0,0
0.170000,74.857980,110.754100,1082.702000,1,1,1,1,2,2,0.744263,0.663193,0.744263,0.663193,0.703728,-0.212240,0.975997,0.048832,-0.212240,0.975997,0.048832,-0.209330,0.976088,0.058597,11.390890,-0.673571,0.260541,1,1,15.053740,-1.575208,0,0
0.180000,74.856030,110.747600,1082.852000,1,1,1,1,2,2,0.745570,0.664544,0.745570,0.664544,0.705057,-0.212240,0.975997,0.048832,-0.212240,0.975997,0.048832,-0.209581,0.976084,0.057757,11.013070,-0.655809,0.266084,1,1,14.995650,-1.551607,0,0
0.190000,74.853880,110.741100,1083.001000,1,1,1,1,2,2,0.747018,0.666050,0.747018,0.666050,0.706534,-0.212247,0.975995,0.048833,-0.212247,0.975995,0.048833,-0.209811,0.976080,0.056989,10.675010,-0.641748,0.268967,1,1,14.937670,-1.528142,0,0
0.200000,74.851560,110.734800,1083.149000,1,1,1,1,2,2,0.748587,0.667684,0.748587,0.667684,0.708136,-0.212234,0.975998,0.048830,-0.212234,0.975998,0.048830,-0.210020,0.976076,0.056288,10.373460,-0.630994,0.269498,1,1,14.879810,-1.504850,0,0
0.210000,74.849080,110.728600,1083.297000,1,1,1,1,2,2,0.750234,0.669395,0.750234,0.669395,0.709814,-0.212240,0.975997,0.048832,-0.212240,0.975997,0.048832,-0.210211,0.976071,0.055647,10.109720,-0.623187,0.267960,1,1,14.822080,-1.481719,0,0
0.220000,74.846430,110.722400,1083.445000,1,1,1,1,2,2,0.751933,0.671161,0.751933,0.671161,0.711547,-0.212240,0.975997,0.048832,-0.212240,0.975997,0.048832,-0.210386,0.976067,0.055061,9.881250,-0.617953,0.264621,1,1,14.764500,-1.458792,0,0
0.230000,74.843630,110.716300,1083.592000,1,1,1,1,2,2,0.753665,0.672964,0.753665,0.672964,0.713315,-0.212253,0.975994,0.048835,-0.212253,0.975994,0.048835,-0.210548,0.976062,0.054524,9.684605,-0.614945,0.259757,1,1,14.707060,-1.436077,0,0
0.240000,74.840680,110.710100,1083.738000,1,1,1,1,2,2,0.755406,0.674790,0.755406,0.674790,0.715098,-0.212247,0.975995,0.048833,-0.212247,0.975995,0.048833,-0.210694,0.976058,0.054034,9.516303,-0.613850,0.253648,1,1,14.649790,-1.413605,0,0
0.250000,74.837590,110.704000,1083.884000,1,1,1,1,2,2,0.757157,0.676617,0.757157,0.676617,0.716887,-0.212227,0.976000,0.048829,-0.212227,0.976000,0.048829,-0.210826,0.976054,0.053587,9.372750,-0.614388,0.246507,1,1,14.592690,-1.391356,0,0
0.260000,74.834370,110.697800,1084.029000,1,1,1,1,2,2,0.758863,0.678421,0.758863,0.678421,0.718642,-0.212232,0.975999,0.048830,-0.212232,0.975999,0.048830,-0.210948,0.976050,0.053177,9.257078,-0.616314,0.238496,1,1,14.535770,-1.369332,0,0
0.270000,74.831020,110.691600,1084.174000,1,1,1,1,2,2,0.711503,0.680187,0.711503,0.680187,0.695845,-0.243277,0.966554,0.081173,-0.243277,0.966554,0.081173,-0.213747,0.975306,0.055591,12.526750,-0.619355,0.271558,1,1,14.479040,-1.348470,0,0
0.280000,74.827470,110.685700,1084.318000,1,1,1,1,2,2,0.761487,0.682262,0.761487,0.682262,0.721874,-0.213137,0.975750,0.049851,-0.213137,0.975750,0.049851,-0.213695,0.975345,0.055098,7.282794,-0.590385,0.293920,1,1,14.423430,-1.353927,0,0
0.290000,74.823830,110.679600,1084.461000,1,1,1,1,2,2,0.763525,0.684102,0.763525,0.684102,0.723814,-0.213138,0.975750,0.049851,-0.213138,0.975750,0.049851,-0.213647,0.975381,0.054647,7.670643,-0.612558,0.264456,1,1,14.366980,-1.330334,0,0
0.300000,74.820100,110.673300,1084.604000,1,1,1,1,2,2,0.773114,0.691739,0.773114,0.691739,0.732427,-0.214337,0.976200,0.033068,-0.214337,0.976200,0.033068,-0.213710,0.975470,0.052791,7.261726,-0.630928,0.218834,1,1,14.310840,-1.307697,0,0
0.310000,74.816280,110.666800,1084.747000,1,1,1,1,2,2,0.772157,0.691421,0.772157,0.691421,0.731789,-0.214377,0.976208,0.032561,-0.214377,0.976208,0.032561,-0.213771,0.975549,0.051050,8.575850,-0.653342,0.170889,1,1,14.254760,-1.286243,0,0
0.320000,74.812360,110.660100,1084.888000,1,1,1,1,2,2,0.771111,0.690512,0.771111,0.690512,0.730812,-0.214341,0.976216,0.032559,-0.214341,0.976216,0.032559,-0.213823,0.975619,0.049459,9.566984,-0.662986,0.138310,1,1,14.198970,-1.265063,0,0
0.330000,74.808310,110.653500,1085.030000,1,1,1,1,2,2,0.770076,0.695852,0.770076,0.695852,0.732964,-0.184846,0.982210,0.033103,-0.184846,0.982210,0.033103,-0.211338,0.976231,0.048053,9.719199,-0.663004,0.116966,1,1,14.143380,-1.244170,0,0
0.340000,74.804140,110.646900,1085.170000,1,1,1,1,2,2,0.769830,0.692180,0.769830,0.692180,0.731005,-0.202343,0.978739,0.033580,-0.202343,0.978739,0.033580,-0.210567,0.976458,0.046808,10.489090,-0.661542,0.100365,1,1,14.087890,-1.198395,0,0
0.350000,74.799830,110.640400,1085.310000,1,1,1,1,2,2,0.769189,0.697097,0.769189,0.697097,0.733143,-0.174620,0.984062,0.033609,-0.174620,0.984062,0.033609,-0.207485,0.977171,0.045675,10.326290,-0.652584,0.091759,1,1,14.032560,-1.173241,0,0
0.360000,74.795390,110.633900,1085.450000,1,1,1,1,2,2,0.768620,0.692938,0.768620,0.692938,0.730779,-0.193492,0.980527,0.033580,-0.193492,0.980527,0.033580,-0.206283,0.977474,0.044634,10.951600,-0.645202,0.083888,1,1,13.977340,-1.120814,0,0
0.370000,74.790800,110.627600,1085.589000,1,1,1,1,2,2,0.757887,0.681000,0.757887,0.681000,0.719444,-0.202175,0.979214,0.016276,-0.202175,0.979214,0.016276,-0.205936,0.977655,0.042195,13.508380,-0.631718,0.063303,1,1,13.922280,-1.089600,0,0
0.380000,74.786030,110.621700,1085.727000,1,1,1,1,2,2,0.755357,0.678480,0.755357,0.678480,0.716918,-0.202181,0.979213,0.016276,-0.202181,0.979213,0.016276,-0.205619,0.977816,0.039965,13.763680,-0.593329,0.071337,1,1,13.867360,-1.068541,0,0
0.390000,74.781060,110.616100,1085.865000,1,1,1,1,2,2,0.753270,0.676383,0.753270,0.676383,0.714827,-0.202181,0.979213,0.016276,-0.202181,0.979213,0.016276,-0.205327,0.977958,0.037927,13.807590,-0.552531,0.084697,1,1,13.812510,-1.047305,0,0
0.400000,74.775900,110.611000,1086.003000,1,1,1,1,2,2,0.751608,0.674729,0.751608,0.674729,0.713169,-0.202175,0.979214,0.016276,-0.202175,0.979214,0.016276,-0.205060,0.978085,0.036064,13.699340,-0.511381,0.101013,1,1,13.757730,-1.026647,0,0
0.410000,74.770560,110.606300,1086.139000,1,1,1,1,2,2,0.750364,0.673494,0.750364,0.673494,0.711929,-0.202169,0.979215,0.016275,-0.202169,0.979215,0.016275,-0.204814,0.978197,0.034361,13.485490,-0.471360,0.118537,1,1,13.703040,-1.006554,0,0
0.420000,74.765040,110.602000,1086.276000,1,1,1,1,2,2,0.749523,0.672647,0.749523,0.672647,0.711085,-0.202181,0.979213,0.016276,-0.202181,0.979213,0.016276,-0.204590,0.978298,0.032805,13.201340,-0.433495,0.136019,1,1,13.648450,-0.987013,0,0
0.430000,74.759350,110.598000,1086.411000,1,1,1,1,2,2,0.749049,0.672182,0.749049,0.672182,0.710615,-0.202175,0.979214,0.016276,-0.202175,0.979214,0.016276,-0.204385,0.978387,0.031383,12.873260,-0.398466,0.152558,1,1,13.593950,-0.968029,0,0
0.440000,74.753490,110.594300,1086.547000,1,1,1,1,2,2,0.748911,0.672040,0.748911,0.672040,0.710475,-0.202175,0.979214,0.016276,-0.202175,0.979214,0.016276,-0.204196,0.978467,0.030083,12.524490,-0.366698,0.167549,1,1,13.539550,-0.949566,0,0
0.450000,74.747470,110.590900,1086.681000,1,1,1,1,2,2,0.749068,0.672201,0.749068,0.672201,0.710634,-0.202175,0.979214,0.016276,-0.202175,0.979214,0.016276,-0.204024,0.978539,0.028894,12.169750,-0.338386,0.180623,1,1,13.485230,-0.931605,0,0
0.460000,74.741320,110.587800,1086.816000,1,1,1,1,2,2,0.749490,0.672632,0.749490,0.672632,0.711061,-0.202169,0.979215,0.016275,-0.202169,0.979215,0.016275,-0.203866,0.978604,0.027809,11.819170,-0.313584,0.191598,1,1,13.431000,-0.914132,0,0
0.470000,74.735030,110.584900,1086.949000,1,1,1,1,2,2,0.750140,0.673271,0.750140,0.673271,0.711706,-0.202181,0.979213,0.016276,-0.202181,0.979213,0.016276,-0.203722,0.978661,0.026817,11.484380,-0.292247,0.200371,1,1,13.376860,-0.897108,0,0
0.480000,74.728610,110.582100,1087.082000,1,1,1,1,2,2,0.750988,0.674123,0.750988,0.674123,0.712555,-0.202181,0.979213,0.016276,-0.202181,0.979213,0.016276,-0.203590,0.978713,0.025910,11.166550,-0.274214,0.206987,1,1,13.322810,-0.880543,0,0
0.490000,74.722080,110.579500,1087.215000,1,1,1,1,2,2,0.751987,0.675128,0.751987,0.675128,0.713558,-0.202181,0.979213,0.016276,-0.202181,0.979213,0.016276,-0.203470,0.978760,0.025081,10.873570,-0.259315,0.211507,1,1,13.268850,-0.864402,0,0
0.500000,74.715430,110.577100,1087.347000,1,1,1,1,2,2,0.753124,0.676270,0.753124,0.676270,0.714697,-0.202169,0.979215,0.016275,-0.202169,0.979215,0.016275,-0.203358,0.978802,0.024323,10.604500,-0.247304,0.214084,1,1,13.214990,-0.848655,0,0
0.510000,74.708680,110.574700,1087.478000,1,1,1,1,2,2,0.754365,0.677505,0.754365,0.677505,0.715935,-0.202175,0.979214,0.016276,-0.202175,0.979214,0.016276,-0.203257,0.978840,0.023631,10.362370,-0.237943,0.214873,1,1,13.161240,-0.833284,0,0
0.520000,74.701830,110.572400,1087.609000,1,1,1,1,2,2,0.755679,0.678823,0.755679,0.678823,0.717251,-0.202175,0.979214,0.016276,-0.202175,0.979214,0.016276,-0.203165,0.978874,0.022998,10.146170,-0.230963,0.214054,1,1,13.107610,-0.818286,0,0
0.530000,74.694890,110.570100,1087.739000,1,1,1,1,2,2,0.757063,0.680206,0.757063,0.680206,0.718634,-0.202169,0.979215,0.016275,-0.202169,0.979215,0.016275,-0.203079,0.978905,0.022419,9.953310,-0.226110,0.211824,1,1,13.054100,-0.803640,0,0
0.540000,74.687860,110.567900,1087.869000,1,1,1,1,2,2,0.758477,0.681616,0.758477,0.681616,0.720047,-0.202181,0.979213,0.016276,-0.202181,0.979213,0.016276,-0.203002,0.978933,0.021891,9.786267,-0.223151,0.208346,1,1,13.000720,-0.789327,0,0
0.550000,74.680750,110.565700,1087.998000,1,1,1,1,2,2,0.759906,0.683052,0.759906,0.683052,0.721479,-0.202181,0.979213,0.016276,-0.202181,0.979213,0.016276,-0.202932,0.978959,0.021407,9.642114,-0.221831,0.203813,1,1,12.947480,-0.775345,0,0
0.560000,74.673560,110.563400,1088.127000,1,1,1,1,2,2,0.761350,0.684490,0.761350,0.684490,0.722920,-0.202175,0.979214,0.016276,-0.202175,0.979214,0.016276,-0.202867,0.978982,0.020967,9.517735,-0.221924,0.198420,1,1,12.894390,-0.761673,0,0
0.570000,74.666300,110.561200,1088.255000,1,1,1,1,2,2,0.762780,0.685921,0.762780,0.685921,0.724351,-0.202175,0.979214,0.016276,-0.202175,0.979214,0.016276,-0.202808,0.979002,0.020563,9.413875,-0.223235,0.192282,1,1,12.841460,-0.748301,0,0
0.580000,74.658970,110.559000,1088.383000,1,1,1,1,2,2,0.764192,0.687333,0.764192,0.687333,0.725763,-0.202175,0.979214,0.016276,-0.202175,0.979214,0.016276,-0.202753,0.979021,0.020194,9.327617,-0.225560,0.185573,1,1,12.788690,-0.735208,0,0
0.590000,74.651570,110.556700,1088.510000,1,1,1,1,2,2,0.765574,0.688711,0.765574,0.688711,0.727143,-0.202188,0.979212,0.016277,-0.202188,0.979212,0.016277,-0.202705,0.979037,0.019857,9.257880,-0.228726,0.178430,1,1,12.736080,-0.722397,0,0
0.600000,74.644110,110.554300,1088.637000,1,1,1,1,2,2,0.766925,0.690073,0.766925,0.690073,0.728499,-0.202181,0.979213,0.016276,-0.202181,0.979213,0.016276,-0.202660,0.979052,0.019549,9.200185,-0.232569,0.170978,1,1,12.683650,-0.709855,0,0
0.610000,74.636590,110.552000,1088.763000,1,1,1,1,2,2,0.768239,0.691392,0.768239,0.691392,0.729815,-0.202175,0.979214,0.016276,-0.202175,0.979214,0.016276,-0.202618,0.979066,0.019267,9.155355,-0.236971,0.163302,1,1,12.631400,-0.697573,0,0
0.620000,74.629010,110.549500,1088.888000,1,1,1,1,2,2,0.769515,0.692656,0.769515,0.692656,0.731085,-0.202175,0.979214,0.016276,-0.202175,0.979214,0.016276,-0.202580,0.979079,0.019010,9.121892,-0.241805,0.155500,1,1,12.579330,-0.685532,0,0
0.630000,74.621370,110.547100,1089.013000,1,1,1,1,2,2,0.768375,0.693883,0.768375,0.693883,0.731129,-0.203786,0.978844,0.018309,-0.203786,0.978844,0.018309,-0.202684,0.979059,0.018949,9.252370,-0.246958,0.149960,1,1,12.527450,-0.673801,0,0
0.640000,74.613670,110.544600,1089.138000,1,1,1,1,2,2,0.770004,0.695065,0.770004,0.695065,0.732535,-0.203798,0.978842,0.018310,-0.203798,0.978842,0.018310,-0.202780,0.979040,0.018894,9.103398,-0.250816,0.145791,1,1,12.475790,-0.663615,0,0
0.650000,74.605920,110.542000,1089.262000,1,1,1,1,2,2,0.772111,0.696193,0.772111,0.696193,0.734152,-0.203813,0.978848,0.017803,-0.203813,0.978848,0.017803,-0.202868,0.979023,0.018800,8.965616,-0.256117,0.139650,1,1,12.424320,-0.653548,0,0
0.660000,74.598110,110.539400,1089.385000,1,1,1,1,2,2,0.773632,0.695551,0.773632,0.695551,0.734591,-0.205424,0.978482,0.019328,-0.205424,0.978482,0.019328,-0.203088,0.978977,0.018846,9.028046,-0.262753,0.133971,1,1,12.373040,-0.643667,0,0
0.670000,74.590260,110.536700,1089.508000,1,1,1,1,2,2,0.781186,0.703102,0.781186,0.703102,0.742144,-0.205486,0.978634,0.007121,-0.205486,0.978634,0.007121,-0.203296,0.978953,0.017837,8.118987,-0.268756,0.115944,1,1,12.321980,-0.635156,0,0
0.680000,74.582370,110.533900,1089.630000,1,1,1,1,2,2,0.780946,0.702875,0.780946,0.702875,0.741910,-0.205462,0.978639,0.007121,-0.205462,0.978639,0.007121,-0.203483,0.978931,0.016915,8.811104,-0.283689,0.089934,1,1,12.270970,-0.626807,0,0
0.690000,74.574430,110.530900,1089.752000,1,1,1,1,2,2,0.780633,0.702548,0.780633,0.702548,0.741591,-0.205499,0.978631,0.007121,-0.205499,0.978631,0.007121,-0.203657,0.978909,0.016073,9.320148,-0.291868,0.071866,1,1,12.220150,-0.618093,0,0
0.700000,74.566440,110.528000,1089.874000,1,1,1,1,2,2,0.780300,0.702215,0.780300,0.702215,0.741257,-0.205469,0.978638,0.007121,-0.205469,0.978638,0.007121,-0.203814,0.978889,0.015303,9.681623,-0.295086,0.059798,1,1,12.169490,-0.609439,0,0
0.710000,74.558380,110.525000,1089.995000,1,1,1,1,2,2,0.781842,0.701893,0.781842,0.701893,0.741867,-0.207107,0.978275,0.009157,-0.207107,0.978275,0.009157,-0.204098,0.978838,0.014774,9.705825,-0.294784,0.054419,1,1,12.118990,-0.600780,0,0
0.720000,74.550260,110.522100,1090.115000,1,1,1,1,2,2,0.781967,0.701596,0.781967,0.701596,0.741781,-0.207088,0.978280,0.009156,-0.207088,0.978280,0.009156,-0.204356,0.978791,0.014290,9.835394,-0.294254,0.049836,1,1,12.068640,-0.593602,0,0
0.730000,74.542080,110.519200,1090.235000,1,1,1,1,2,2,0.781627,0.701314,0.781627,0.701314,0.741470,-0.207113,0.978279,0.008647,-0.207113,0.978279,0.008647,-0.204593,0.978748,0.013804,9.973296,-0.292464,0.046544,1,1,12.018460,-0.586254,0,0
0.740000,74.533840,110.516300,1090.354000,1,1,1,1,2,2,0.782314,0.703012,0.782314,0.703012,0.742663,-0.208706,0.977914,0.011190,-0.208706,0.977914,0.011190,-0.204948,0.978677,0.013579,9.724735,-0.289331,0.047871,1,1,11.968440,-0.578783,0,0
0.750000,74.525540,110.513400,1090.473000,1,1,1,1,2,2,0.782025,0.702726,0.782025,0.702726,0.742375,-0.208715,0.977924,0.010174,-0.208715,0.977924,0.010174,-0.205273,0.978614,0.013286,9.825081,-0.288628,0.045902,1,1,11.918600,-0.572777,0,0
0.760000,74.517170,110.510500,1090.592000,1,1,1,1,2,2,0.775077,0.695779,0.775077,0.695779,0.735428,-0.208760,0.977965,-0.002035,-0.208760,0.977965,-0.002035,-0.205575,0.978567,0.011967,11.402590,-0.286942,0.032804,1,1,11.868930,-0.566447,0,0
0.770000,74.508720,110.507800,1090.709000,1,1,1,1,2,2,0.773998,0.694686,0.773998,0.694686,0.734342,-0.208767,0.977963,-0.002035,-0.208767,0.977963,-0.002035,-0.205851,0.978523,0.010763,11.495970,-0.269865,0.036871,1,1,11.819400,-0.559573,0,0
0.780000,74.500170,110.505300,1090.827000,1,1,1,1,2,2,0.773132,0.693802,0.773132,0.693802,0.733467,-0.208730,0.977971,-0.002035,-0.208730,0.977971,-0.002035,-0.206100,0.978482,0.009662,11.496640,-0.251920,0.043129,1,1,11.769960,-0.553021,0,0
0.790000,74.491520,110.503000,1090.944000,1,1,1,1,2,2,0.772426,0.693106,0.772426,0.693106,0.732766,-0.208791,0.977958,-0.002034,-0.208791,0.977958,-0.002034,-0.206333,0.978443,0.008655,11.436970,-0.234010,0.050545,1,1,11.720630,-0.546324,0,0
0.800000,74.482790,110.500800,1091.060000,1,1,1,1,2,2,0.771921,0.692612,0.771921,0.692612,0.732266,-0.208791,0.977958,-0.002034,-0.208791,0.977958,-0.002034,-0.206545,0.978406,0.007736,11.329970,-0.216719,0.058410,1,1,11.671420,-0.539601,0,0
0.810000,74.473960,110.498800,1091.176000,1,1,1,1,2,2,0.771609,0.692306,0.771609,0.692306,0.731957,-0.208699,0.977978,-0.002035,-0.208699,0.977978,-0.002035,-0.206731,0.978373,0.006895,11.191960,-0.200507,0.066142,1,1,11.622320,-0.532817,0,0
0.820000,74.465050,110.496900,1091.291000,1,1,1,1,2,2,0.771443,0.692142,0.771443,0.692142,0.731793,-0.208760,0.977965,-0.002035,-0.208760,0.977965,-0.002035,-0.206907,0.978341,0.006127,11.040690,-0.185672,0.073367,1,1,11.573350,-0.525871,0,0
0.830000,74.456060,110.495200,1091.406000,1,1,1,1,2,2,0.771441,0.692119,0.771441,0.692119,0.731780,-0.208760,0.977965,-0.002035,-0.208760,0.977965,-0.002035,-0.207067,0.978311,0.005425,10.880210,-0.172341,0.079865,1,1,11.524500,-0.518940,0,0
0.840000,74.447000,110.493600,1091.520000,1,1,1,1,2,2,0.771560,0.692244,0.771560,0.692244,0.731902,-0.208754,0.977966,-0.002034,-0.208754,0.977966,-0.002034,-0.207212,0.978284,0.004784,10.717590,-0.160600,0.085479,1,1,11.475780,-0.511975,0,0
0.850000,74.437860,110.492100,1091.634000,1,1,1,1,2,2,0.771801,0.692491,0.771801,0.692491,0.732146,-0.208717,0.977974,-0.002034,-0.208717,0.977974,-0.002034,-0.207342,0.978259,0.004198,10.557760,-0.150467,0.090109,1,1,11.427190,-0.504982,0,0
0.860000,74.428650,110.490700,1091.748000,1,1,1,1,2,2,0.772122,0.692826,0.772122,0.692826,0.732474,-0.208754,0.977966,-0.002034,-0.208754,0.977966,-0.002034,-0.207463,0.978236,0.003662,10.407590,-0.141911,0.093741,1,1,11.378720,-0.497942,0,0
0.870000,74.419380,110.489300,1091.861000,1,1,1,1,2,2,0.772536,0.693231,0.772536,0.693231,0.732884,-0.208791,0.977958,-0.002034,-0.208791,0.977958,-0.002034,-0.207578,0.978213,0.003173,10.267010,-0.134835,0.096408,1,1,11.330400,-0.490935,0,0
0.880000,74.410050,110.488000,1091.973000,1,1,1,1,2,2,0.773037,0.693720,0.773037,0.693720,0.733378,-0.208778,0.977961,-0.002034,-0.208778,0.977961,-0.002034,-0.207681,0.978192,0.002725,10.133910,-0.129143,0.098163,1,1,11.282210,-0.483977,0,0
0.889999,74.400660,110.486800,1092.085000,1,1,1,1,2,2,0.773573,0.694263,0.773573,0.694263,0.733918,-0.208743,0.977969,-0.002035,-0.208743,0.977969,-0.002035,-0.207772,0.978174,0.002317,10.014930,-0.124759,0.099031,1,1,11.234160,-0.477017,0,0
0.899999,74.391210,110.485600,1092.196000,1,1,1,1,2,2,0.774156,0.694847,0.774156,0.694847,0.734501,-0.208773,0.977962,-0.002035,-0.208773,0.977962,-0.002035,-0.207859,0.978156,0.001942,9.907841,-0.121544,0.099107,1,1,11.186260,-0.470052,0,0
0.909999,74.381710,110.484400,1092.307000,1,1,1,1,2,2,0.774797,0.695486,0.774797,0.695486,0.735142,-0.208717,0.977974,-0.002034,-0.208717,0.977974,-0.002034,-0.207932,0.978140,0.001600,9.808148,-0.119378,0.098478,1,1,11.138500,-0.463158,0,0
0.919999,74.372170,110.483200,1092.418000,1,1,1,1,2,2,0.775424,0.696111,0.775424,0.696111,0.735768,-0.208791,0.977958,-0.002034,-0.208791,0.977958,-0.002034,-0.208006,0.978125,0.001287,9.727355,-0.118188,0.097196,1,1,11.090890,-0.456250,0,0
0.929999,74.362580,110.482000,1092.528000,1,1,1,1,2,2,0.776099,0.696775,0.776099,0.696775,0.736437,-0.208754,0.977966,-0.002034,-0.208754,0.977966,-0.002034,-0.208071,0.978111,0.001001,9.651367,-0.117788,0.095410,1,1,11.043440,-0.449457,0,0
0.939999,74.352940,110.480800,1092.637000,1,1,1,1,2,2,0.776757,0.697435,0.776757,0.697435,0.737096,-0.208760,0.977965,-0.002035,-0.208760,0.977965,-0.002035,-0.208130,0.978098,0.000740,9.589204,-0.118129,0.093145,1,1,10.996150,-0.442683,0,0
0.949999,74.343260,110.479700,1092.746000,1,1,1,1,2,2,0.777412,0.698106,0.777412,0.698106,0.737759,-0.208767,0.977963,-0.002035,-0.208767,0.977963,-0.002035,-0.208185,0.978087,0.000501,9.535597,-0.119074,0.090513,1,1,10.949010,-0.435970,0,0
0.959999,74.333540,110.478400,1092.855000,1,1,1,1,2,2,0.778073,0.698766,0.778073,0.698766,0.738419,-0.208767,0.977963,-0.002035,-0.208767,0.977963,-0.002035,-0.208235,0.978076,0.000283,9.490035,-0.120541,0.087578,1,1,10.902040,-0.429319,0,0
0.969999,74.323780,110.477200,1092.963000,1,1,1,1,2,2,0.778720,0.699422,0.778720,0.699422,0.739071,-0.208791,0.977958,-0.002034,-0.208791,0.977958,-0.002034,-0.208283,0.978066,0.000083,9.452103,-0.122447,0.084399,1,1,10.855230,-0.422734,0,0
0.979999,74.313990,110.476000,1093.071000,1,1,1,1,2,2,0.779373,0.700065,0.779373,0.700065,0.739719,-0.208730,0.977971,-0.002035,-0.208730,0.977971,-0.002035,-0.208321,0.978058,-0.000099,9.419563,-0.124719,0.081029,1,1,10.808590,-0.416237,0,0
0.989999,74.304150,110.474700,1093.178000,1,1,1,1,2,2,0.779983,0.700676,0.779983,0.700676,0.740329,-0.208767,0.977963,-0.002035,-0.208767,0.977963,-0.002035,-0.208360,0.978050,-0.000265,9.397649,-0.127302,0.077511,1,1,10.762110,-0.409754,0,0
0.999999,74.294290,110.473400,1093.285000,1,1,1,1,2,2,0.780601,0.701271,0.780601,0.701271,0.740936,-0.208730,0.977971,-0.002035,-0.208730,0.977971,-0.002035,-0.208391,0.978043,-0.000418,9.377925,-0.130093,0.073930,1,1,10.715800,-0.403380,0,0
1.009999,74.284390,110.472100,1093.391000,1,1,1,1,2,2,0.781162,0.701861,0.781162,0.701861,0.741511,-0.208743,0.977969,-0.002035,-0.208743,0.977969,-0.002035,-0.208422,0.978037,-0.000557,9.365091,-0.133069,0.070298,1,1,10.669660,-0.397044,0,0
1.019999,74.274450,110.470700,1093.496000,1,1,1,1,2,2,0.781722,0.702418,0.781722,0.702418,0.742070,-0.208767,0.977963,-0.002035,-0.208767,0.977963,-0.002035,-0.208451,0.978030,-0.000684,9.355080,-0.136162,0.066673,1,1,10.623700,-0.390805,0,0
1.029999,74.264490,110.469300,1093.602000,1,1,1,1,2,2,0.732869,0.702942,0.732869,0.702942,0.717906,-0.240583,0.970111,0.031711,-0.240583,0.970111,0.031711,-0.211235,0.977431,0.002105,12.953330,-0.139345,0.096491,1,1,10.577900,-0.385337,0,0
1.039999,74.254410,110.468200,1093.707000,1,1,1,1,2,2,0.780452,0.703818,0.780452,0.703818,0.742135,-0.211070,0.977471,0.000509,-0.211070,0.977471,0.000509,-0.211221,0.977434,0.001968,7.787822,-0.107235,0.128661,1,1,10.532960,-0.405973,0,0
1.049999,74.244330,110.467000,1093.811000,1,1,1,1,2,2,0.781695,0.704503,0.781695,0.704503,0.743099,-0.211070,0.977471,0.000508,-0.211070,0.977471,0.000508,-0.211208,0.977438,0.001842,8.098415,-0.125614,0.109299,1,1,10.487620,-0.399065,0,0
1.059999,74.234250,110.465600,1093.915000,1,1,1,1,2,2,0.782785,0.705048,0.782785,0.705048,0.743917,-0.211070,0.977471,0.000509,-0.211070,0.977471,0.000509,-0.211196,0.977440,0.001727,8.354563,-0.140944,0.093166,1,1,10.442500,-0.392355,0,0
1.069999,74.224150,110.464000,1094.018000,1,1,1,1,2,2,0.784258,0.703205,0.784258,0.703205,0.743731,-0.213367,0.976970,0.002034,-0.213367,0.976970,0.002034,-0.211383,0.977400,0.001754,8.684895,-0.153759,0.081272,1,1,10.397600,-0.386037,0,0
1.079999,74.214040,110.462400,1094.121000,1,1,1,1,2,2,0.784627,0.703570,0.784627,0.703570,0.744099,-0.213367,0.976967,0.003052,-0.213367,0.976967,0.003052,-0.211554,0.977363,0.001865,8.811451,-0.163329,0.073550,1,1,10.352920,-0.381455,0,0
1.089999,74.203900,110.460700,1094.224000,1,1,1,1,2,2,0.785427,0.704366,0.785427,0.704366,0.744896,-0.213350,0.976971,0.003052,-0.213350,0.976971,0.003052,-0.211708,0.977329,0.001968,8.831841,-0.171642,0.066978,1,1,10.308440,-0.376836,0,0
1.099999,74.193750,110.458900,1094.326000,1,1,1,1,2,2,0.786143,0.705090,0.786143,0.705090,0.745616,-0.213367,0.976968,0.003052,-0.213367,0.976968,0.003052,-0.211851,0.977298,0.002061,8.863623,-0.179738,0.060508,1,1,10.264150,-0.372162,0,0
1.109999,74.183570,110.457000,1094.428000,1,1,1,1,2,2,0.786794,0.705738,0.786794,0.705738,0.746266,-0.213350,0.976971,0.003052,-0.213350,0.976971,0.003052,-0.211980,0.977270,0.002146,8.902560,-0.187506,0.054262,1,1,10.220050,-0.367431,0,0
1.119999,74.173380,110.455100,1094.529000,1,1,1,1,2,2,0.792209,0.709205,0.792209,0.709205,0.750707,-0.215665,0.976467,-0.000509,-0.215665,0.976467,-0.000509,-0.212296,0.977202,0.001919,8.323185,-0.194875,0.045436,1,1,10.176150,-0.362796,0,0
1.129999,74.163180,110.453000,1094.630000,1,1,1,1,2,2,0.792597,0.709063,0.792597,0.709063,0.750830,-0.215651,0.976470,-0.000508,-0.215651,0.976470,-0.000508,-0.212585,0.977139,0.001710,8.661451,-0.207903,0.030997,1,1,10.132390,-0.360110,0,0
1.139999,74.152960,110.450800,1094.730000,1,1,1,1,2,2,0.792891,0.708830,0.792891,0.708830,0.750861,-0.215628,0.976476,-0.000509,-0.215628,0.976476,-0.000509,-0.212847,0.977082,0.001519,8.927497,-0.217619,0.020111,1,1,10.088810,-0.356920,0,0
1.149999,74.142720,110.448600,1094.830000,1,1,1,1,2,2,0.793118,0.708509,0.793118,0.708509,0.750814,-0.215671,0.976466,-0.000509,-0.215671,0.976466,-0.000509,-0.213090,0.977029,0.001344,9.137026,-0.224730,0.012047,1,1,10.045390,-0.353546,0,0
1.159999,74.132460,110.446300,1094.930000,1,1,1,1,2,2,0.793310,0.710501,0.793310,0.710501,0.751905,-0.217940,0.975960,0.002034,-0.217940,0.975960,0.002034,-0.213507,0.976938,0.001404,9.025687,-0.229788,0.008606,1,1,10.002150,-0.350161,0,0
1.169999,74.122180,110.443900,1095.029000,1,1,1,1,2,2,0.793434,0.710631,0.793434,0.710631,0.752033,-0.217946,0.975959,0.002035,-0.217946,0.975959,0.002035,-0.213888,0.976855,0.001458,9.117787,-0.235920,0.003972,1,1,9.959083,-0.348526,0,0
1.179999,74.111870,110.441500,1095.127000,1,1,1,1,2,2,0.793018,0.710203,0.793018,0.710203,0.751611,-0.217947,0.975960,0.001017,-0.217947,0.975960,0.001017,-0.214238,0.976778,0.001420,9.309207,-0.241137,-0.000676,1,1,9.916202,-0.346491,0,0
1.189999,74.101530,110.439000,1095.225000,1,1,1,1,2,2,0.793576,0.710773,0.793576,0.710773,0.752174,-0.217946,0.975959,0.002035,-0.217946,0.975959,0.002035,-0.214557,0.976707,0.001473,9.253662,-0.244475,-0.002540,1,1,9.873491,-0.344156,0,0
1.199999,74.091170,110.436600,1095.323000,1,1,1,1,2,2,0.793594,0.710789,0.793594,0.710789,0.752192,-0.217953,0.975957,0.002034,-0.217953,0.975957,0.002034,-0.214849,0.976643,0.001521,9.312025,-0.248341,-0.005027,1,1,9.830959,-0.341641,0,0
1.209999,74.080780,110.434000,1095.420000,1,1,1,1,2,2,0.793587,0.710782,0.793587,0.710782,0.752184,-0.217953,0.975957,0.002034,-0.217953,0.975957,0.002034,-0.215116,0.976584,0.001565,9.361926,-0.251623,-0.006992,1,1,9.788605,-0.338864,0,0
1.219999,74.070360,110.431500,1095.517000,1,1,1,1,2,2,0.790417,0.707611,0.790417,0.707611,0.749014,-0.217952,0.975951,-0.004069,-0.217952,0.975951,-0.004069,-0.215360,0.976531,0.001081,10.097240,-0.254406,-0.013598,1,1,9.746425,-0.335905,0,0
1.229999,74.059900,110.429000,1095.614000,1,1,1,1,2,2,0.789868,0.707056,0.789868,0.707056,0.748462,-0.217945,0.975953,-0.004069,-0.217945,0.975953,-0.004069,-0.215583,0.976482,0.000638,10.167320,-0.250015,-0.012448,1,1,9.704360,-0.332608,0,0
1.239999,74.049390,110.426600,1095.710000,1,1,1,1,2,2,0.789374,0.706568,0.789374,0.706568,0.747971,-0.217952,0.975951,-0.004069,-0.217952,0.975951,-0.004069,-0.215786,0.976438,0.000234,10.199530,-0.244948,-0.010220,1,1,9.662423,-0.329315,0,0
1.249999,74.038840,110.424200,1095.805000,1,1,1,1,2,2,0.788950,0.706140,0.788950,0.706140,0.747545,-0.217952,0.975951,-0.004069,-0.217952,0.975951,-0.004069,-0.215972,0.976397,-0.000135,10.203650,-0.239574,-0.007332,1,1,9.620617,-0.325907,0,0
1.259999,74.028240,110.421800,1095.901000,1,1,1,1,2,2,0.788589,0.705779,0.788589,0.705779,0.747184,-0.217952,0.975951,-0.004069,-0.217952,0.975951,-0.004069,-0.216143,0.976359,-0.000473,10.187780,-0.234164,-0.004112,1,1,9.578945,-0.322389,0,0
1.269999,74.017600,110.419500,1095.995000,1,1,1,1,2,2,0.788291,0.705481,0.788291,0.705481,0.746886,-0.217952,0.975951,-0.004069,-0.217952,0.975951,-0.004069,-0.216298,0.976324,-0.000783,10.157600,-0.228913,-0.000774,1,1,9.537410,-0.318792,0,0
1.279999,74.006920,110.417300,1096.090000,1,1,1,1,2,2,0.788051,0.705239,0.788051,0.705239,0.746645,-0.217945,0.975953,-0.004069,-0.217945,0.975953,-0.004069,-0.216440,0.976292,-0.001066,10.118400,-0.223960,0.002515,1,1,9.496013,-0.315097,0,0
1.289999,73.996190,110.415100,1096.184000,1,1,1,1,2,2,0.787859,0.705053,0.787859,0.705053,0.746456,-0.217952,0.975951,-0.004069,-0.217952,0.975951,-0.004069,-0.216570,0.976263,-0.001324,10.073990,-0.219390,0.005642,1,1,9.454756,-0.311335,0,0
1.299999,73.985430,110.412900,1096.277000,1,1,1,1,2,2,0.787729,0.704919,0.787729,0.704919,0.746324,-0.217952,0.975951,-0.004069,-0.217952,0.975951,-0.004069,-0.216689,0.976236,-0.001560,10.025240,-0.215255,0.008533,1,1,9.413640,-0.307525,0,0
1.309999,73.974620,110.410800,1096.370000,1,1,1,1,2,2,0.787641,0.704833,0.787641,0.704833,0.746237,-0.217959,0.975950,-0.004069,-0.217959,0.975950,-0.004069,-0.216798,0.976211,-0.001776,9.975731,-0.211596,0.011128,1,1,9.372666,-0.303665,0,0
1.319999,73.963780,110.408700,1096.463000,1,1,1,1,2,2,0.787599,0.704789,0.787599,0.704789,0.746194,-0.217952,0.975951,-0.004069,-0.217952,0.975951,-0.004069,-0.216898,0.976189,-0.001974,9.926572,-0.208418,0.013400,1,1,9.331837,-0.299772,0,0
1.329999,73.952900,110.406700,1096.555000,1,1,1,1,2,2,0.787587,0.704779,0.787587,0.704779,0.746183,-0.217945,0.975953,-0.004069,-0.217945,0.975953,-0.004069,-0.216988,0.976168,-0.002154,9.879798,-0.205718,0.015337,1,1,9.291149,-0.295848,0,0
1.339999,73.941990,110.404600,1096.647000,1,1,1,1,2,2,0.787608,0.704792,0.787608,0.704792,0.746200,-0.217945,0.975953,-0.004069,-0.217945,0.975953,-0.004069,-0.217070,0.976150,-0.002319,9.836255,-0.203472,0.016949,1,1,9.250607,-0.291903,0,0
1.349999,73.931050,110.402600,1096.738000,1,1,1,1,2,2,0.787660,0.704850,0.787660,0.704850,0.746255,-0.217938,0.975954,-0.004069,-0.217938,0.975954,-0.004069,-0.217145,0.976133,-0.002469,9.793540,-0.201647,0.018255,1,1,9.210210,-0.287944,0,0
1.359999,73.920070,110.400600,1096.829000,1,1,1,1,2,2,0.787731,0.704919,0.787731,0.704919,0.746325,-0.217945,0.975953,-0.004069,-0.217945,0.975953,-0.004069,-0.217214,0.976118,-0.002607,9.755892,-0.200236,0.019253,1,1,9.169958,-0.283967,0,0
1.369999,73.909060,110.398600,1096.920000,1,1,1,1,2,2,0.787812,0.705005,0.787812,0.705005,0.746408,-0.217959,0.975950,-0.004069,-0.217959,0.975950,-0.004069,-0.217278,0.976103,-0.002733,9.722475,-0.199187,0.019984,1,1,9.129852,-0.280006,0,0
1.379999,73.898020,110.396700,1097.010000,1,1,1,1,2,2,0.787925,0.705113,0.787925,0.705113,0.746519,-0.217945,0.975953,-0.004069,-0.217945,0.975953,-0.004069,-0.217335,0.976090,-0.002848,9.690179,-0.198459,0.020477,1,1,9.089893,-0.276062,0,0
1.389999,73.886960,110.394700,1097.100000,1,1,1,1,2,2,0.788034,0.705226,0.788034,0.705226,0.746630,-0.217945,0.975953,-0.004069,-0.217945,0.975953,-0.004069,-0.217388,0.976078,-0.002953,9.663469,-0.198041,0.020737,1,1,9.050080,-0.272120,0,0
1.399999,73.875860,110.392700,1097.189000,1,1,1,1,2,2,0.788155,0.705345,0.788155,0.705345,0.746750,-0.217965,0.975948,-0.004069,-0.217965,0.975948,-0.004069,-0.217437,0.976067,-0.003049,9.639943,-0.197878,0.020812,1,1,9.010415,-0.268188,0,0
1.409999,73.864740,110.390700,1097.278000,1,1,1,1,2,2,0.788301,0.705491,0.788301,0.705491,0.746896,-0.217938,0.975954,-0.004069,-0.217938,0.975954,-0.004069,-0.217481,0.976057,-0.003137,9.615816,-0.197939,0.020723,1,1,8.970896,-0.264297,0,0
1.419999,73.853590,110.388700,1097.367000,1,1,1,1,2,2,0.788429,0.705619,0.788429,0.705619,0.747024,-0.217952,0.975951,-0.004069,-0.217952,0.975951,-0.004069,-0.217521,0.976048,-0.003217,9.599214,-0.198229,0.020462,1,1,8.931525,-0.260402,0,0
1.429999,73.842420,110.386700,1097.455000,1,1,1,1,2,2,0.788570,0.705760,0.788570,0.705760,0.747165,-0.217952,0.975951,-0.004069,-0.217952,0.975951,-0.004069,-0.217558,0.976040,-0.003290,9.582795,-0.198674,0.020096,1,1,8.892302,-0.256560,0,0
1.439999,73.831230,110.384800,1097.543000,1,1,1,1,2,2,0.788712,0.705902,0.788712,0.705902,0.747307,-0.217952,0.975951,-0.004069,-0.217952,0.975951,-0.004069,-0.217592,0.976032,-0.003357,9.569139,-0.199273,0.019621,1,1,8.853226,-0.252733,0,0
1.449999,73.820010,110.382800,1097.630000,1,1,1,1,2,2,0.788855,0.706046,0.788855,0.706046,0.747450,-0.217938,0.975954,-0.004069,-0.217938,0.975954,-0.004069,-0.217622,0.976026,-0.003419,9.557261,-0.199998,0.019059,1,1,8.814298,-0.248946,0,0
1.459999,73.808780,110.380800,1097.717000,1,1,1,1,2,2,0.788993,0.706183,0.788993,0.706183,0.747588,-0.217938,0.975954,-0.004069,-0.217938,0.975954,-0.004069,-0.217649,0.976019,-0.003475,9.548268,-0.200832,0.018425,1,1,8.775517,-0.245174,0,0
1.469999,73.797520,110.378700,1097.804000,1,1,1,1,2,2,0.789129,0.706321,0.789129,0.706321,0.747725,-0.217945,0.975953,-0.004069,-0.217945,0.975953,-0.004069,-0.217675,0.976014,-0.003526,9.540655,-0.201747,0.017743,1,1,8.736883,-0.241451,0,0
1.479999,73.786230,110.376700,1097.890000,1,1,1,1,2,2,0.789261,0.706449,0.789261,0.706449,0.747855,-0.217945,0.975953,-0.004069,-0.217945,0.975953,-0.004069,-0.217698,0.976008,-0.003573,9.535133,-0.202729,0.017023,1,1,8.698398,-0.237760,0,0
1.489999,73.774930,110.374700,1097.976000,1,1,1,1,2,2,0.789380,0.706570,0.789380,0.706570,0.747975,-0.217965,0.975948,-0.004069,-0.217965,0.975948,-0.004069,-0.217721,0.976003,-0.003615,9.532010,-0.203758,0.016285,1,1,8.660058,-0.234123,0,0
1.499999,73.763600,110.372600,1098.062000,1,1,1,1,2,2,0.789512,0.706702,0.789512,0.706702,0.748107,-0.217952,0.975951,-0.004069,-0.217952,0.975951,-0.004069,-0.217741,0.975999,-0.003654,9.526631,-0.204809,0.015546,1,1,8.621866,-0.230535,0,0
1.509999,73.752240,110.370600,1098.147000,1,1,1,1,2,2,0.786530,0.706821,0.786530,0.706821,0.746676,-0.220820,0.975313,-0.001526,-0.220820,0.975313,-0.001526,-0.218006,0.975940,-0.003471,9.749015,-0.205906,0.016935,1,1,8.583821,-0.226984,0,0
1.519999,73.740870,110.368500,1098.231000,1,1,1,1,2,2,0.786740,0.706963,0.786740,0.706963,0.746851,-0.220813,0.975316,-0.001017,-0.220813,0.975316,-0.001017,-0.218247,0.975886,-0.003260,9.621333,-0.204818,0.020756,1,1,8.545951,-0.225845,0,0
1.529999,73.729470,110.366500,1098.316000,1,1,1,1,2,2,0.787456,0.707106,0.787456,0.707106,0.747281,-0.220806,0.975317,-0.001017,-0.220806,0.975317,-0.001017,-0.218468,0.975837,-0.003067,9.484364,-0.204961,0.023119,1,1,8.508250,-0.224581,0,0
1.539999,73.718060,110.364400,1098.400000,1,1,1,1,2,2,0.788149,0.707231,0.788149,0.707231,0.747690,-0.220827,0.975312,-0.001017,-0.220827,0.975312,-0.001017,-0.218671,0.975792,-0.002891,9.389577,-0.206426,0.023950,1,1,8.470716,-0.223118,0,0
1.549999,73.706620,110.362300,1098.483000,1,1,1,1,2,2,0.788839,0.703861,0.788839,0.703861,0.746350,-0.223677,0.974661,0.002034,-0.223677,0.974661,0.002034,-0.219102,0.975697,-0.002466,9.574282,-0.208802,0.026172,1,1,8.433346,-0.221556,0,0
1.559999,73.695170,110.360200,1098.566000,1,1,1,1,2,2,0.789533,0.704552,0.789533,0.704552,0.747042,-0.223670,0.974663,0.002035,-0.223670,0.974663,0.002035,-0.219496,0.975609,-0.002079,9.356013,-0.209352,0.029884,1,1,8.396173,-0.222116,0,0
1.569999,73.683690,110.358100,1098.649000,1,1,1,1,2,2,0.790194,0.705211,0.790194,0.705211,0.747702,-0.223677,0.974661,0.002035,-0.223677,0.974661,0.002035,-0.219855,0.975529,-0.001726,9.206405,-0.212012,0.031085,1,1,8.359183,-0.222453,0,0
1.579999,73.672210,110.355900,1098.731000,1,1,1,1,2,2,0.790809,0.705835,0.790809,0.705835,0.748322,-0.223691,0.974658,0.002035,-0.223691,0.974658,0.002035,-0.220185,0.975455,-0.001402,9.108639,-0.216110,0.030504,1,1,8.322370,-0.222422,0,0
1.589999,73.660710,110.353700,1098.813000,1,1,1,1,2,2,0.791395,0.706411,0.791395,0.706411,0.748903,-0.223684,0.974660,0.002035,-0.223684,0.974660,0.002035,-0.220486,0.975388,-0.001107,9.049256,-0.221142,0.028673,1,1,8.285734,-0.222071,0,0
1.599999,73.649210,110.351500,1098.895000,1,1,1,1,2,2,0.791919,0.706940,0.791919,0.706940,0.749429,-0.223677,0.974661,0.002035,-0.223677,0.974661,0.002035,-0.220760,0.975326,-0.000837,9.020489,-0.226735,0.026008,1,1,8.249273,-0.221423,0,0
1.609999,73.637700,110.349100,1098.976000,1,1,1,1,2,2,0.809513,0.707406,0.809513,0.707406,0.758459,-0.255456,0.966159,0.035773,-0.255456,0.966159,0.035773,-0.223771,0.974638,0.002315,6.794066,-0.232590,0.049778,1,1,8.212986,-0.222073,0,0
1.619999,73.626220,110.346500,1099.057000,1,1,1,1,2,2,0.795794,0.708106,0.795794,0.708106,0.751950,-0.226545,0.973992,0.004069,-0.226545,0.973992,0.004069,-0.224009,0.974582,0.002466,8.619476,-0.260032,0.023608,1,1,8.177076,-0.247105,0,0
1.629999,73.614740,110.343800,1099.138000,1,1,1,1,2,2,0.795938,0.707702,0.795938,0.707702,0.751820,-0.226538,0.973989,0.005087,-0.226538,0.973989,0.005087,-0.224227,0.974531,0.002692,8.825754,-0.269664,0.016272,1,1,8.141425,-0.244967,0,0
1.639999,73.603260,110.341100,1099.218000,1,1,1,1,2,2,0.796517,0.707722,0.796517,0.707722,0.752119,-0.226544,0.973988,0.005087,-0.226544,0.973988,0.005087,-0.224426,0.974484,0.002898,8.907704,-0.277268,0.010820,1,1,8.105947,-0.243059,0,0
1.649999,73.591760,110.338200,1099.298000,1,1,1,1,2,2,0.797033,0.712984,0.797033,0.712984,0.755009,-0.233619,0.972245,0.012717,-0.233619,0.972245,0.012717,-0.225219,0.974299,0.003743,8.356082,-0.284057,0.012010,1,1,8.070636,-0.241433,0,0
1.659999,73.580270,110.335300,1099.377000,1,1,1,1,2,2,0.797425,0.710264,0.797425,0.710264,0.753844,-0.229393,0.973300,0.008138,-0.229393,0.973300,0.008138,-0.225579,0.974214,0.004121,8.779254,-0.296183,0.003432,1,1,8.035552,-0.245204,0,0
1.669999,73.568770,110.332200,1099.456000,1,1,1,1,2,2,0.797727,0.710578,0.797727,0.710578,0.754153,-0.229393,0.973300,0.008138,-0.229393,0.973300,0.008138,-0.225906,0.974137,0.004466,8.839280,-0.304164,-0.001219,1,1,8.000656,-0.244563,0,0
1.679999,73.557270,110.329100,1099.535000,1,1,1,1,2,2,0.797504,0.710340,0.797504,0.710340,0.753922,-0.229391,0.973291,0.009155,-0.229391,0.973291,0.009155,-0.226206,0.974066,0.004869,8.970717,-0.311539,-0.004844,1,1,7.965939,-0.243747,0,0
1.689999,73.545750,110.325900,1099.614000,1,1,1,1,2,2,0.797778,0.710628,0.797778,0.710628,0.754203,-0.229398,0.973290,0.009156,-0.229398,0.973290,0.009156,-0.226481,0.974000,0.005238,8.985071,-0.317611,-0.007467,1,1,7.931401,-0.242654,0,0
1.699999,73.534230,110.322700,1099.692000,1,1,1,1,2,2,0.797503,0.710344,0.797503,0.710344,0.753924,-0.229400,0.973298,0.008138,-0.229400,0.973298,0.008138,-0.226732,0.973940,0.005487,9.120745,-0.323522,-0.010906,1,1,7.897038,-0.241375,0,0
1.709999,73.522680,110.319400,1099.769000,1,1,1,1,2,2,0.798185,0.711031,0.798185,0.711031,0.754608,-0.229398,0.973290,0.009156,-0.229398,0.973290,0.009156,-0.226961,0.973885,0.005802,9.037214,-0.328095,-0.012512,1,1,7.862838,-0.239857,0,0
1.719999,73.511130,110.316100,1099.847000,1,1,1,1,2,2,0.798317,0.711157,0.798317,0.711157,0.754737,-0.229391,0.973291,0.009155,-0.229391,0.973291,0.009155,-0.227170,0.973834,0.006091,9.080274,-0.333462,-0.015185,1,1,7.828808,-0.238198,0,0
1.729999,73.499570,110.312700,1099.924000,1,1,1,1,2,2,0.798387,0.711231,0.798387,0.711231,0.754809,-0.229405,0.973288,0.009156,-0.229405,0.973288,0.009156,-0.227363,0.973787,0.006354,9.128305,-0.338392,-0.017643,1,1,7.794942,-0.236357,0,0
1.739999,73.487980,110.309300,1100.000000,1,1,1,1,2,2,0.798424,0.711274,0.798424,0.711274,0.754849,-0.229398,0.973290,0.009156,-0.229398,0.973290,0.009156,-0.227538,0.973744,0.006596,9.175123,-0.342838,-0.019820,1,1,7.761237,-0.234364,0,0
1.749999,73.476390,110.305800,1100.077000,1,1,1,1,2,2,0.797922,0.710760,0.797922,0.710760,0.754341,-0.229393,0.973300,0.008138,-0.229393,0.973300,0.008138,-0.227698,0.973706,0.006728,9.330167,-0.346811,-0.022379,1,1,7.727689,-0.232256,0,0
1.759999,73.464780,110.302300,1100.153000,1,1,1,1,2,2,0.798387,0.711234,0.798387,0.711234,0.754811,-0.229405,0.973288,0.009156,-0.229405,0.973288,0.009156,-0.227845,0.973670,0.006937,9.256395,-0.349263,-0.022824,1,1,7.694283,-0.229996,0,0
1.769999,73.453160,110.298800,1100.228000,1,1,1,1,2,2,0.798334,0.711179,0.798334,0.711179,0.754756,-0.229398,0.973290,0.009156,-0.229398,0.973290,0.009156,-0.227978,0.973637,0.007128,9.299302,-0.352418,-0.024163,1,1,7.661033,-0.227702,0,0
1.779999,73.441510,110.295200,1100.304000,1,1,1,1,2,2,0.798249,0.711110,0.798249,0.711110,0.754679,-0.229391,0.973291,0.009155,-0.229391,0.973291,0.009155,-0.228100,0.973607,0.007303,9.339178,-0.355142,-0.025214,1,1,7.627932,-0.225287,0,0
1.789999,73.429860,110.291700,1100.379000,1,1,1,1,2,2,0.798148,0.710992,0.798148,0.710992,0.754570,-0.229391,0.973291,0.009155,-0.229391,0.973291,0.009155,-0.228211,0.973580,0.007462,9.378131,-0.357464,-0.025995,1,1,7.594978,-0.222808,0,0
1.799999,73.418170,110.288100,1100.453000,1,1,1,1,2,2,0.798022,0.710867,0.798022,0.710867,0.754445,-0.229405,0.973288,0.009156,-0.229405,0.973288,0.009156,-0.228314,0.973555,0.007608,9.413027,-0.359395,-0.026501,1,1,7.562169,-0.220259,0,0
1.809999,73.406480,110.284500,1100.527000,1,1,1,1,2,2,0.798433,0.711270,0.798433,0.711270,0.754852,-0.229389,0.973282,0.010172,-0.229389,0.973282,0.010172,-0.228406,0.973531,0.007829,9.329939,-0.360974,-0.026116,1,1,7.529502,-0.217677,0,0
1.819999,73.394770,110.280800,1100.601000,1,1,1,1,2,2,0.798372,0.711216,0.798372,0.711216,0.754794,-0.229389,0.973282,0.010172,-0.229389,0.973282,0.010172,-0.228491,0.973510,0.008030,9.355151,-0.363348,-0.026718,1,1,7.496988,-0.215043,0,0
1.829999,73.383040,110.277200,1100.675000,1,1,1,1,2,2,0.798290,0.711133,0.798290,0.711133,0.754711,-0.229396,0.973280,0.010173,-0.229396,0.973280,0.010173,-0.228569,0.973490,0.008215,9.382071,-0.365463,-0.027207,1,1,7.464622,-0.212371,0,0
1.839999,73.371290,110.273500,1100.748000,1,1,1,1,2,2,0.798197,0.711036,0.798197,0.711036,0.754617,-0.229396,0.973280,0.010173,-0.229396,0.973280,0.010173,-0.228640,0.973472,0.008383,9.407676,-0.367303,-0.027557,1,1,7.432399,-0.209677,0,0
1.849999,73.359530,110.269800,1100.821000,1,1,1,1,2,2,0.798082,0.710927,0.798082,0.710927,0.754504,-0.229389,0.973282,0.010172,-0.229389,0.973282,0.010172,-0.228705,0.973456,0.008537,9.433003,-0.368882,-0.027768,1,1,7.400319,-0.206961,0,0
1.859999,73.347750,110.266100,1100.894000,1,1,1,1,2,2,0.797953,0.710799,0.797953,0.710799,0.754376,-0.229403,0.973278,0.010173,-0.229403,0.973278,0.010173,-0.228765,0.973440,0.008678,9.457578,-0.370203,-0.027831,1,1,7.368379,-0.204225,0,0
1.869999,73.335950,110.262400,1100.966000,1,1,1,1,2,2,0.797819,0.710661,0.797819,0.710661,0.754240,-0.229396,0.973280,0.010173,-0.229396,0.973280,0.010173,-0.228819,0.973427,0.008807,9.479797,-0.371274,-0.027746,1,1,7.336577,-0.201492,0,0
1.879999,73.324130,110.258700,1101.038000,1,1,1,1,2,2,0.797671,0.710517,0.797671,0.710517,0.754094,-0.229403,0.973278,0.010173,-0.229403,0.973278,0.010173,-0.228869,0.973414,0.008924,9.500502,-0.372118,-0.027527,1,1,7.304912,-0.198747,0,0
1.889999,73.312300,110.254900,1101.110000,1,1,1,1,2,2,0.797525,0.710364,0.797525,0.710364,0.753945,-0.229396,0.973280,0.010173,-0.229396,0.973280,0.010173,-0.228915,0.973402,0.009032,9.518575,-0.372750,-0.027182,1,1,7.273382,-0.196013,0,0
1.899999,73.300450,110.251200,1101.181000,1,1,1,1,2,2,0.797373,0.710218,0.797373,0.710218,0.753795,-0.229389,0.973282,0.010172,-0.229389,0.973282,0.010172,-0.228955,0.973392,0.009130,9.534082,-0.373198,-0.026730,1,1,7.241985,-0.193270,0,0
1.909999,73.288570,110.247500,1101.252000,1,1,1,1,2,2,0.797217,0.710060,0.797217,0.710060,0.753638,-0.229396,0.973280,0.010173,-0.229396,0.973280,0.010173,-0.228993,0.973382,0.009220,9.548703,-0.373485,-0.026189,1,1,7.210721,-0.190539,0,0
1.919999,73.276680,110.243700,1101.323000,1,1,1,1,2,2,0.797065,0.709904,0.797065,0.709904,0.753484,-0.229396,0.973280,0.010173,-0.229396,0.973280,0.010173,-0.229028,0.973373,0.009302,9.560690,-0.373621,-0.025563,1,1,7.179587,-0.187815,0,0
1.929999,73.264770,110.240000,1101.393000,1,1,1,1,2,2,0.796902,0.709748,0.796902,0.709748,0.753325,-0.229403,0.973278,0.010173,-0.229403,0.973278,0.010173,-0.229060,0.973365,0.009377,9.571969,-0.373633,-0.024871,1,1,7.148583,-0.185107,0,0
1.939999,73.252840,110.236300,1101.463000,1,1,1,1,2,2,0.796753,0.709589,0.796753,0.709589,0.753171,-0.229403,0.973278,0.010173,-0.229403,0.973278,0.010173,-0.229090,0.973358,0.009445,9.580750,-0.373527,-0.024117,1,1,7.117708,-0.182424,0,0
1.949998,73.240890,110.232500,1101.533000,1,1,1,1,2,2,0.796612,0.709451,0.796612,0.709451,0.753031,-0.229396,0.973280,0.010173,-0.229396,0.973280,0.010173,-0.229116,0.973351,0.009508,9.585972,-0.373327,-0.023321,1,1,7.086960,-0.179760,0,0
1.959998,73.228930,110.228800,1101.603000,1,1,1,1,2,2,0.796469,0.709306,0.796469,0.709306,0.752888,-0.229389,0.973282,0.010172,-0.229389,0.973282,0.010172,-0.229140,0.973345,0.009565,9.591640,-0.373070,-0.022517,1,1,7.056339,-0.177107,0,0
1.969998,73.216940,110.225100,1101.672000,1,1,1,1,2,2,0.796325,0.709161,0.796325,0.709161,0.752743,-0.229389,0.973282,0.010172,-0.229389,0.973282,0.010172,-0.229161,0.973340,0.009617,9.597017,-0.372750,-0.021693,1,1,7.025843,-0.174465,0,0
1.979998,73.204940,110.221300,1101.740000,1,1,1,1,2,2,0.796185,0.709030,0.796185,0.709030,0.752608,-0.229389,0.973282,0.010172,-0.229389,0.973282,0.010172,-0.229181,0.973335,0.009665,9.600319,-0.372372,-0.020850,1,1,6.995471,-0.171848,0,0
1.989998,73.192920,110.217600,1101.809000,1,1,1,1,2,2,0.796051,0.708890,0.796051,0.708890,0.752471,-0.229396,0.973280,0.010173,-0.229396,0.973280,0.010173,-0.229199,0.973330,0.009709,9.603763,-0.371954,-0.020005,1,1,6.965224,-0.169269,0,0
1.999998,73.180880,110.213900,1101.877000,1,1,1,1,2,2,0.795927,0.708768,0.795927,0.708768,0.752348,-0.229389,0.973282,0.010172,-0.229389,0.973282,0.010172,-0.229216,0.973326,0.009749,9.604656,-0.371497,-0.019155,1,1,6.935099,-0.166710,0,0
2.009999,73.168820,110.210200,1101.945000,1,1,1,1,2,2,0.795809,0.708643,0.795809,0.708643,0.752226,-0.229396,0.973280,0.010173,-0.229396,0.973280,0.010173,-0.229231,0.973322,0.009785,9.605604,-0.371025,-0.018321,1,1,6.905096,-0.164169,0,0
2.019999,73.156750,110.206500,1102.013000,1,1,1,1,2,2,0.795685,0.708530,0.795685,0.708530,0.752107,-0.229403,0.973278,0.010173,-0.229403,0.973278,0.010173,-0.229246,0.973318,0.009819,9.606446,-0.370538,-0.017501,1,1,6.875215,-0.161677,0,0
2.029999,73.144650,110.202800,1102.080000,1,1,1,1,2,2,0.795580,0.708417,0.795580,0.708417,0.751998,-0.229403,0.973278,0.010173,-0.229403,0.973278,0.010173,-0.229260,0.973315,0.009849,9.605865,-0.370037,-0.016693,1,1,6.845453,-0.159202,0,0
2.039999,73.132550,110.199100,1102.147000,1,1,1,1,2,2,0.795479,0.708319,0.795479,0.708319,0.751899,-0.229396,0.973280,0.010173,-0.229396,0.973280,0.010173,-0.229271,0.973312,0.009877,9.604195,-0.369536,-0.015913,1,1,6.815812,-0.156771,0,0
2.049999,73.120420,110.195400,1102.214000,1,1,1,1,2,2,0.795381,0.708216,0.795381,0.708216,0.751799,-0.229396,0.973280,0.010173,-0.229396,0.973280,0.010173,-0.229282,0.973309,0.009902,9.603531,-0.369046,-0.015167,1,1,6.786290,-0.154354,0,0
2.059999,73.108280,110.191700,1102.280000,1,1,1,1,2,2,0.795286,0.708125,0.795286,0.708125,0.751706,-0.229396,0.973280,0.010173,-0.229396,0.973280,0.010173,-0.229292,0.973306,0.009926,9.602168,-0.368557,-0.014444,1,1,6.756886,-0.151972,0,0
2.069999,73.096120,110.188000,1102.346000,1,1,1,1,2,2,0.795201,0.708044,0.795201,0.708044,0.751622,-0.229396,0.973280,0.010173,-0.229396,0.973280,0.010173,-0.229301,0.973304,0.009947,9.599813,-0.368077,-0.013749,1,1,6.727600,-0.149622,0,0
2.079998,73.083950,110.184400,1102.412000,1,1,1,1,2,2,0.785294,0.707953,0.785294,0.707953,0.746623,-0.235918,0.971619,0.017296,-0.235918,0.971619,0.017296,-0.229872,0.973163,0.010580,10.362590,-0.367614,-0.008321,1,1,6.698430,-0.147257,0,0
2.089998,73.071740,110.180800,1102.477000,1,1,1,1,2,2,0.790846,0.707958,0.790846,0.707958,0.749402,-0.232574,0.972482,0.013733,-0.232574,0.972482,0.013733,-0.230104,0.973104,0.010851,9.605733,-0.359708,0.001920,1,1,6.669440,-0.150316,0,0
2.099998,73.059520,110.177200,1102.542000,1,1,1,1,2,2,0.791366,0.707964,0.791366,0.707964,0.749665,-0.232574,0.972482,0.013733,-0.232574,0.972482,0.013733,-0.230317,0.973051,0.011099,9.495660,-0.359156,0.004411,1,1,6.640600,-0.150369,0,0
2.109998,73.047280,110.173600,1102.607000,1,1,1,1,2,2,0.791889,0.707966,0.791889,0.707966,0.749928,-0.232588,0.972478,0.013734,-0.232588,0.972478,0.013734,-0.230512,0.973002,0.011326,9.417218,-0.359665,0.005639,1,1,6.611900,-0.150059,0,0
2.119998,73.035030,110.170000,1102.672000,1,1,1,1,2,2,0.792410,0.707945,0.792410,0.707945,0.750178,-0.232581,0.972480,0.013733,-0.232581,0.972480,0.013733,-0.230690,0.972957,0.011533,9.364484,-0.360926,0.005931,1,1,6.583336,-0.149576,0,0
2.129998,73.022770,110.166400,1102.736000,1,1,1,1,2,2,0.792889,0.683912,0.792889,0.683912,0.738400,-0.248738,0.968073,0.031058,-0.248738,0.968073,0.031058,-0.232250,0.972564,0.013214,11.204080,-0.362691,0.016990,1,1,6.554906,-0.149191,0,0
2.139998,73.010450,110.162900,1102.800000,1,1,1,1,2,2,0.793551,0.703956,0.793551,0.703956,0.748754,-0.235754,0.971659,0.017293,-0.235754,0.971659,0.017293,-0.232553,0.972487,0.013566,8.857753,-0.346516,0.036268,1,1,6.526842,-0.161333,0,0
2.149998,72.998140,110.159400,1102.864000,1,1,1,1,2,2,0.794136,0.704533,0.794136,0.704533,0.749335,-0.235762,0.971657,0.017295,-0.235762,0.971657,0.017295,-0.232828,0.972417,0.013886,8.863092,-0.353148,0.031844,1,1,6.498828,-0.162415,0,0
2.159998,72.985820,110.155800,1102.927000,1,1,1,1,2,2,0.795183,0.705575,0.795183,0.705575,0.750379,-0.235765,0.971674,0.016277,-0.235765,0.971674,0.016277,-0.233081,0.972353,0.014092,8.802679,-0.359715,0.026716,1,1,6.470963,-0.162501,0,0
2.169998,72.973500,110.152100,1102.990000,1,1,1,1,2,2,0.795089,0.705493,0.795089,0.705493,0.750291,-0.235768,0.971655,0.017294,-0.235768,0.971655,0.017294,-0.233313,0.972293,0.014368,8.950895,-0.366857,0.021398,1,1,6.443235,-0.162378,0,0
2.179998,72.961180,110.148400,1103.053000,1,1,1,1,2,2,0.795479,0.705878,0.795479,0.705878,0.750679,-0.235761,0.971657,0.017294,-0.235761,0.971657,0.017294,-0.233523,0.972238,0.014619,8.980886,-0.372546,0.017385,1,1,6.415656,-0.161987,0,0
2.189998,72.948860,110.144600,1103.116000,1,1,1,1,2,2,0.795809,0.706207,0.795809,0.706207,0.751008,-0.235761,0.971657,0.017294,-0.235761,0.971657,0.017294,-0.233716,0.972188,0.014850,9.017989,-0.377931,0.013511,1,1,6.388216,-0.161441,0,0
2.199998,72.936530,110.140800,1103.178000,1,1,1,1,2,2,0.796082,0.706484,0.796082,0.706484,0.751283,-0.235754,0.971659,0.017293,-0.235754,0.971659,0.017293,-0.233891,0.972143,0.015060,9.059259,-0.382944,0.009860,1,1,6.360912,-0.160711,0,0
2.209998,72.924200,110.136900,1103.240000,1,1,1,1,2,2,0.796302,0.706702,0.796302,0.706702,0.751502,-0.235762,0.971657,0.017295,-0.235762,0.971657,0.017295,-0.234052,0.972101,0.015252,9.103611,-0.387545,0.006491,1,1,6.333743,-0.159826,0,0
2.219998,72.911870,110.133000,1103.302000,1,1,1,1,2,2,0.799246,0.706881,0.799246,0.706881,0.753064,-0.238943,0.970810,0.020855,-0.238943,0.970810,0.020855,-0.234473,0.971992,0.015734,8.841317,-0.391705,0.005699,1,1,6.306703,-0.158936,0,0
2.229998,72.899530,110.129000,1103.363000,1,1,1,1,2,2,0.799368,0.707000,0.799368,0.707000,0.753184,-0.238931,0.970823,0.020346,-0.238931,0.970823,0.020346,-0.234857,0.971893,0.016130,8.918618,-0.398397,0.001704,1,1,6.279824,-0.160611,0,0
2.239998,72.887180,110.124900,1103.425000,1,1,1,1,2,2,0.800408,0.707049,0.800408,0.707049,0.753728,-0.238928,0.970813,0.020854,-0.238928,0.970813,0.020854,-0.235207,0.971802,0.016537,8.899728,-0.404322,-0.001497,1,1,6.253098,-0.161729,0,0
2.249998,72.874840,110.120800,1103.485000,1,1,1,1,2,2,0.800889,0.707030,0.800889,0.707030,0.753959,-0.238936,0.970811,0.020854,-0.238936,0.970811,0.020854,-0.235528,0.971718,0.016908,8.948508,-0.410414,-0.005145,1,1,6.226527,-0.162548,0,0
2.259998,72.862500,110.116700,1103.546000,1,1,1,1,2,2,0.801311,0.706961,0.801311,0.706961,0.754136,-0.238936,0.970811,0.020855,-0.238936,0.970811,0.020855,-0.235820,0.971641,0.017246,9.000932,-0.416018,-0.008542,1,1,6.200103,-0.163037,0,0
2.269998,72.850140,110.112500,1103.606000,1,1,1,1,2,2,0.801684,0.709639,0.801684,0.709639,0.755661,-0.242104,0.969943,0.024414,-0.242104,0.969943,0.024414,-0.236362,0.971499,0.017863,8.746341,-0.421099,-0.009399,1,1,6.173822,-0.163400,0,0
2.279998,72.837790,110.108200,1103.667000,1,1,1,1,2,2,0.801969,0.709927,0.801969,0.709927,0.755948,-0.242104,0.969943,0.024414,-0.242104,0.969943,0.024414,-0.236857,0.971368,0.018427,8.788047,-0.428632,-0.013184,1,1,6.147721,-0.166180,0,0
2.289998,72.825440,110.103800,1103.726000,1,1,1,1,2,2,0.802188,0.710138,0.802188,0.710138,0.756163,-0.242104,0.969943,0.024414,-0.242104,0.969943,0.024414,-0.237309,0.971248,0.018942,8.841138,-0.435740,-0.016900,1,1,6.121789,-0.168301,0,0
2.299998,72.813090,110.099400,1103.786000,1,1,1,1,2,2,0.802332,0.710282,0.802332,0.710282,0.756307,-0.242104,0.969943,0.024414,-0.242104,0.969943,0.024414,-0.237722,0.971138,0.019412,8.901782,-0.442313,-0.020408,1,1,6.096018,-0.169968,0,0
2.309998,72.800740,110.094900,1103.845000,1,1,1,1,2,2,0.802406,0.710351,0.802406,0.710351,0.756378,-0.242112,0.969941,0.024415,-0.242112,0.969941,0.024415,-0.238101,0.971036,0.019844,8.967413,-0.448280,-0.023586,1,1,6.070402,-0.171208,0,0
2.319998,72.788380,110.090400,1103.904000,1,1,1,1,2,2,0.802421,0.710375,0.802421,0.710375,0.756398,-0.242104,0.969943,0.024414,-0.242104,0.969943,0.024414,-0.238445,0.970944,0.020236,9.033020,-0.453594,-0.026386,1,1,6.044935,-0.172110,0,0
2.329998,72.776020,110.085800,1103.963000,1,1,1,1,2,2,0.802387,0.710342,0.802387,0.710342,0.756364,-0.242104,0.969943,0.024414,-0.242104,0.969943,0.024414,-0.238760,0.970859,0.020596,9.097590,-0.458256,-0.028762,1,1,6.019611,-0.172660,0,0
2.339998,72.763650,110.081200,1104.021000,1,1,1,1,2,2,0.802317,0.709773,0.802317,0.709773,0.756045,-0.242107,0.969955,0.023906,-0.242107,0.969955,0.023906,-0.239048,0.970782,0.020881,9.209392,-0.462276,-0.030965,1,1,5.994425,-0.172911,0,0
2.349998,72.751270,110.076500,1104.079000,1,1,1,1,2,2,0.802210,0.710164,0.802210,0.710164,0.756187,-0.242104,0.969943,0.024414,-0.242104,0.969943,0.024414,-0.239312,0.970711,0.021185,9.208319,-0.465199,-0.031971,1,1,5.969366,-0.172894,0,0
2.359998,72.738880,110.071800,1104.137000,1,1,1,1,2,2,0.802073,0.710546,0.802073,0.710546,0.756309,-0.242107,0.969955,0.023906,-0.242107,0.969955,0.023906,-0.239552,0.970646,0.021419,9.221972,-0.468121,-0.033425,1,1,5.944439,-0.172661,0,0
2.369998,72.726470,110.067100,1104.195000,1,1,1,1,2,2,0.801910,0.709860,0.801910,0.709860,0.755885,-0.242104,0.969943,0.024414,-0.242104,0.969943,0.024414,-0.239772,0.970585,0.021677,9.327943,-0.470899,-0.034634,1,1,5.919638,-0.172209,0,0
2.379998,72.714060,110.062400,1104.253000,1,1,1,1,2,2,0.801725,0.709675,0.801725,0.709675,0.755700,-0.242104,0.969943,0.024414,-0.242104,0.969943,0.024414,-0.239973,0.970530,0.021912,9.368268,-0.472638,-0.034936,1,1,5.894957,-0.171540,0,0
2.389998,72.701630,110.057700,1104.310000,1,1,1,1,2,2,0.801518,0.709470,0.801518,0.709470,0.755494,-0.242119,0.969939,0.024415,-0.242119,0.969939,0.024415,-0.240157,0.970479,0.022128,9.405801,-0.473975,-0.034973,1,1,5.870397,-0.170713,0,0
2.399998,72.689190,110.052900,1104.367000,1,1,1,1,2,2,0.801828,0.709248,0.801828,0.709248,0.755538,-0.242115,0.969953,0.023906,-0.242115,0.969953,0.023906,-0.240326,0.970434,0.022281,9.398417,-0.474938,-0.035013,1,1,5.845954,-0.169748,0,0
2.409998,72.676730,110.048100,1104.423000,1,1,1,1,2,2,0.801079,0.709547,0.801079,0.709547,0.755313,-0.242107,0.969955,0.023906,-0.242107,0.969955,0.023906,-0.240479,0.970393,0.022421,9.443735,-0.475965,-0.035221,1,1,5.821627,-0.168647,0,0
2.419998,72.664250,110.043400,1104.480000,1,1,1,1,2,2,0.800837,0.708810,0.800837,0.708810,0.754824,-0.242118,0.969965,0.023398,-0.242118,0.969965,0.023398,-0.240620,0.970356,0.022505,9.533647,-0.476544,-0.035308,1,1,5.797408,-0.167406,0,0
2.429998,72.651760,110.038600,1104.536000,1,1,1,1,2,2,0.796639,0.704595,0.796639,0.704595,0.750617,-0.242048,0.969718,0.032553,-0.242048,0.969718,0.032553,-0.240744,0.970305,0.023369,10.160720,-0.476244,-0.030124,1,1,5.773290,-0.166053,0,0
2.439998,72.639240,110.033900,1104.592000,1,1,1,1,2,2,0.796946,0.704906,0.796946,0.704906,0.750926,-0.242048,0.969718,0.032553,-0.242048,0.969718,0.032553,-0.240857,0.970258,0.024160,9.829531,-0.469836,-0.019118,1,1,5.749321,-0.164537,0,0
2.449998,72.626690,110.029300,1104.647000,1,1,1,1,2,2,0.797286,0.705242,0.797286,0.705242,0.751264,-0.242056,0.969716,0.032554,-0.242056,0.969716,0.032554,-0.240961,0.970214,0.024882,9.586020,-0.466619,-0.011829,1,1,5.725542,-0.163048,0,0
2.459998,72.614120,110.024600,1104.703000,1,1,1,1,2,2,0.797141,0.705590,0.797141,0.705590,0.751365,-0.242060,0.969732,0.032046,-0.242060,0.969732,0.032046,-0.241056,0.970174,0.025498,9.461576,-0.465744,-0.007596,1,1,5.701933,-0.161484,0,0
2.469998,72.601540,110.019900,1104.758000,1,1,1,1,2,2,0.797977,0.705926,0.797977,0.705926,0.751952,-0.242048,0.969718,0.032553,-0.242048,0.969718,0.032553,-0.241142,0.970137,0.026104,9.282802,-0.466059,-0.004684,1,1,5.678478,-0.159830,0,0
2.479998,72.588940,110.015300,1104.813000,1,1,1,1,2,2,0.798280,0.706229,0.798280,0.706229,0.752255,-0.242063,0.969714,0.032555,-0.242063,0.969714,0.032555,-0.241221,0.970102,0.026659,9.207396,-0.468090,-0.003863,1,1,5.655176,-0.158137,0,0
2.489998,72.576340,110.010500,1104.868000,1,1,1,1,2,2,0.798573,0.706514,0.798573,0.706514,0.752543,-0.242048,0.969718,0.032553,-0.242048,0.969718,0.032553,-0.241293,0.970071,0.027167,9.160395,-0.470836,-0.004073,1,1,5.632019,-0.156388,0,0
2.499998,72.563730,110.005800,1104.922000,1,1,1,1,2,2,0.798820,0.706760,0.798820,0.706760,0.752790,-0.242048,0.969718,0.032553,-0.242048,0.969718,0.032553,-0.241358,0.970041,0.027630,9.139197,-0.474022,-0.005013,1,1,5.609003,-0.154579,0,0
2.509998,72.551110,110.001000,1104.976000,1,1,1,1,2,2,0.799016,0.706473,0.799016,0.706473,0.752744,-0.242052,0.969734,0.032045,-0.242052,0.969734,0.032045,-0.241418,0.970015,0.028010,9.187743,-0.477400,-0.006634,1,1,5.586123,-0.152738,0,0
2.519998,72.538480,109.996200,1105.030000,1,1,1,1,2,2,0.799186,0.707128,0.799186,0.707128,0.753157,-0.242063,0.969714,0.032555,-0.242063,0.969714,0.032555,-0.241473,0.969990,0.028401,9.140468,-0.480293,-0.007724,1,1,5.563369,-0.150870,0,0
2.529998,72.525850,109.991400,1105.084000,1,1,1,1,2,2,0.799319,0.707261,0.799319,0.707261,0.753290,-0.242048,0.969718,0.032553,-0.242048,0.969718,0.032553,-0.241523,0.969967,0.028758,9.160168,-0.483633,-0.009481,1,1,5.540744,-0.148996,0,0
2.539998,72.513210,109.986500,1105.137000,1,1,1,1,2,2,0.799411,0.707361,0.799411,0.707361,0.753386,-0.242056,0.969716,0.032554,-0.242056,0.969716,0.032554,-0.241569,0.969945,0.029085,9.186084,-0.486770,-0.011216,1,1,5.518243,-0.147087,0,0
2.549998,72.500560,109.981600,1105.191000,1,1,1,1,2,2,0.799482,0.707416,0.799482,0.707416,0.753449,-0.242048,0.969718,0.032553,-0.242048,0.969718,0.032553,-0.241610,0.969925,0.029383,9.215514,-0.489645,-0.012855,1,1,5.495862,-0.145183,0,0
2.559998,72.487900,109.976700,1105.244000,1,1,1,1,2,2,0.799507,0.707438,0.799507,0.707438,0.753473,-0.242063,0.969714,0.032555,-0.242063,0.969714,0.032555,-0.241649,0.969907,0.029656,9.248267,-0.492224,-0.014342,1,1,5.473599,-0.143258,0,0
2.569998,72.475230,109.971800,1105.296000,1,1,1,1,2,2,0.799511,0.707440,0.799511,0.707440,0.753475,-0.242070,0.969712,0.032556,-0.242070,0.969712,0.032556,-0.241685,0.969890,0.029906,9.279930,-0.494477,-0.015635,1,1,5.451449,-0.141331,0,0
2.579998,72.462560,109.966800,1105.349000,1,1,1,1,2,2,0.799496,0.707431,0.799496,0.707431,0.753464,-0.242048,0.969718,0.032553,-0.242048,0.969718,0.032553,-0.241717,0.969876,0.030134,9.309454,-0.496413,-0.016736,1,1,5.429410,-0.139418,0,0
2.589998,72.449880,109.961800,1105.401000,1,1,1,1,2,2,0.799452,0.707390,0.799452,0.707390,0.753421,-0.242048,0.969718,0.032553,-0.242048,0.969718,0.032553,-0.241745,0.969862,0.030342,9.339914,-0.498055,-0.017653,1,1,5.407480,-0.137486,0,0
2.599998,72.437190,109.956800,1105.453000,1,1,1,1,2,2,0.799393,0.706823,0.799393,0.706823,0.753108,-0.242067,0.969730,0.032047,-0.242067,0.969730,0.032047,-0.241773,0.969851,0.030489,9.419623,-0.499394,-0.018590,1,1,5.385655,-0.135554,0,0
2.609998,72.424480,109.951800,1105.505000,1,1,1,1,2,2,0.819146,0.718275,0.819146,0.718275,0.768710,-0.241683,0.968098,0.066156,-0.241683,0.968098,0.066156,-0.241777,0.969748,0.033560,6.233965,-0.499953,-0.003544,1,1,5.363928,-0.133635,0,0
2.619998,72.411840,109.946500,1105.557000,1,1,1,1,2,2,0.803303,0.711221,0.803303,0.711221,0.757262,-0.241983,0.969427,0.040691,-0.241983,0.969427,0.040691,-0.241795,0.969723,0.034174,9.034133,-0.531338,-0.033133,1,1,5.342689,-0.131799,0,0
2.629998,72.399200,109.941100,1105.608000,1,1,1,1,2,2,0.803292,0.711224,0.803292,0.711224,0.757258,-0.241991,0.969425,0.040692,-0.241991,0.969425,0.040692,-0.241813,0.969699,0.034734,9.081408,-0.535548,-0.035001,1,1,5.321501,-0.129819,0,0
2.639998,72.386550,109.935800,1105.659000,1,1,1,1,2,2,0.803259,0.711164,0.803259,0.711164,0.757212,-0.241991,0.969425,0.040692,-0.241991,0.969425,0.040692,-0.241828,0.969677,0.035247,9.130876,-0.539286,-0.036657,1,1,5.300447,-0.127935,0,0
2.649998,72.373900,109.930300,1105.710000,1,1,1,1,2,2,0.803164,0.711099,0.803164,0.711099,0.757132,-0.241983,0.969427,0.040691,-0.241983,0.969427,0.040691,-0.241842,0.969656,0.035715,9.179973,-0.542530,-0.038054,1,1,5.279522,-0.126061,0,0
2.659998,72.361240,109.924900,1105.761000,1,1,1,1,2,2,0.803048,0.710977,0.803048,0.710977,0.757012,-0.241976,0.969429,0.040690,-0.241976,0.969429,0.040690,-0.241854,0.969638,0.036143,9.229340,-0.545286,-0.039177,1,1,5.258720,-0.124196,0,0
2.669998,72.348580,109.919400,1105.812000,1,1,1,1,2,2,0.802899,0.710818,0.802899,0.710818,0.756858,-0.241983,0.969427,0.040691,-0.241983,0.969427,0.040691,-0.241865,0.969620,0.036533,9.277611,-0.547552,-0.040005,1,1,5.238038,-0.122336,0,0
2.679998,72.335910,109.913900,1105.862000,1,1,1,1,2,2,0.802725,0.710644,0.802725,0.710644,0.756684,-0.241983,0.969427,0.040691,-0.241983,0.969427,0.040691,-0.241875,0.969604,0.036891,9.321656,-0.549340,-0.040522,1,1,5.217470,-0.120503,0,0
2.689998,72.323230,109.908400,1105.912000,1,1,1,1,2,2,0.802530,0.710448,0.802530,0.710448,0.756489,-0.241976,0.969429,0.040690,-0.241976,0.969429,0.040690,-0.241884,0.969589,0.037218,9.362642,-0.550692,-0.040762,1,1,5.197012,-0.118687,0,0
2.699998,72.310540,109.902900,1105.962000,1,1,1,1,2,2,0.802323,0.710237,0.802323,0.710237,0.756280,-0.241983,0.969427,0.040691,-0.241983,0.969427,0.040691,-0.241892,0.969575,0.037517,9.399580,-0.551637,-0.040739,1,1,5.176663,-0.116881,0,0
2.709998,72.297840,109.897400,1106.012000,1,1,1,1,2,2,0.802099,0.710003,0.802099,0.710003,0.756051,-0.242006,0.969421,0.040695,-0.242006,0.969421,0.040695,-0.241902,0.969561,0.037790,9.434094,-0.552217,-0.040476,1,1,5.156419,-0.115116,0,0
2.719998,72.285130,109.891800,1106.061000,1,1,1,1,2,2,0.801887,0.709786,0.801887,0.709786,0.755837,-0.241968,0.969431,0.040688,-0.241968,0.969431,0.040688,-0.241908,0.969550,0.038040,9.460617,-0.552454,-0.039998,1,1,5.136278,-0.113378,0,0
2.729998,72.272400,109.886300,1106.110000,1,1,1,1,2,2,0.801647,0.709550,0.801647,0.709550,0.755598,-0.241976,0.969429,0.040690,-0.241976,0.969429,0.040690,-0.241914,0.969540,0.038268,9.487659,-0.552428,-0.039365,1,1,5.116237,-0.111624,0,0
2.739998,72.259670,109.880800,1106.159000,1,1,1,1,2,2,0.801402,0.709308,0.801402,0.709308,0.755355,-0.241983,0.969427,0.040691,-0.241983,0.969427,0.040691,-0.241920,0.969530,0.038476,9.511183,-0.552134,-0.038561,1,1,5.096295,-0.109909,0,0
2.749998,72.246920,109.875300,1106.208000,1,1,1,1,2,2,0.801166,0.709073,0.801166,0.709073,0.755119,-0.241976,0.969429,0.040690,-0.241976,0.969429,0.040690,-0.241924,0.969521,0.038667,9.529945,-0.551607,-0.037615,1,1,5.076449,-0.108213,0,0
2.759998,72.234160,109.869800,1106.257000,1,1,1,1,2,2,0.800925,0.708828,0.800925,0.708828,0.754877,-0.241983,0.969427,0.040691,-0.241983,0.969427,0.040691,-0.241930,0.969513,0.038841,9.547197,-0.550892,-0.036564,1,1,5.056698,-0.106534,0,0
2.769998,72.221390,109.864300,1106.305000,1,1,1,1,2,2,0.800685,0.708594,0.800685,0.708594,0.754639,-0.241991,0.969425,0.040692,-0.241991,0.969425,0.040692,-0.241935,0.969506,0.039000,9.561160,-0.550005,-0.035416,1,1,5.037040,-0.104886,0,0
2.779998,72.208600,109.858800,1106.354000,1,1,1,1,2,2,0.800463,0.708366,0.800463,0.708366,0.754415,-0.241976,0.969429,0.040690,-0.241976,0.969429,0.040690,-0.241938,0.969499,0.039146,9.571169,-0.548979,-0.034201,1,1,5.017474,-0.103267,0,0
2.789998,72.195800,109.853300,1106.401000,1,1,1,1,2,2,0.800238,0.708136,0.800238,0.708136,0.754187,-0.241991,0.969425,0.040692,-0.241991,0.969425,0.040692,-0.241943,0.969493,0.039279,9.580788,-0.547852,-0.032945,1,1,4.997999,-0.101659,0,0
2.799998,72.182990,109.847800,1106.449000,1,1,1,1,2,2,0.800014,0.707930,0.800014,0.707930,0.753972,-0.241991,0.969425,0.040692,-0.241991,0.969425,0.040692,-0.241947,0.969487,0.039401,9.587059,-0.546629,-0.031652,1,1,4.978612,-0.100081,0,0
2.809998,72.170170,109.842400,1106.497000,1,1,1,1,2,2,0.799803,0.707719,0.799803,0.707719,0.753761,-0.241991,0.969425,0.040692,-0.241991,0.969425,0.040692,-0.241951,0.969482,0.039512,9.592362,-0.545341,-0.030348,1,1,4.959315,-0.098521,0,0
2.819998,72.157330,109.836900,1106.544000,1,1,1,1,2,2,0.794892,0.707516,0.794892,0.707516,0.751204,-0.245229,0.968455,0.044252,-0.245229,0.968455,0.044252,-0.242232,0.969395,0.039919,9.972847,-0.543998,-0.027190,1,1,4.940104,-0.096964,0,0
2.829998,72.144460,109.831500,1106.592000,1,1,1,1,2,2,0.795168,0.707352,0.795168,0.707352,0.751260,-0.245244,0.968451,0.044255,-0.245244,0.968451,0.044255,-0.242491,0.969315,0.040291,9.792817,-0.538960,-0.020424,1,1,4.920995,-0.098092,0,0
2.839998,72.131580,109.826200,1106.639000,1,1,1,1,2,2,0.795455,0.707235,0.795455,0.707235,0.751345,-0.245229,0.968455,0.044252,-0.245229,0.968455,0.044252,-0.242727,0.969242,0.040631,9.657229,-0.535659,-0.015642,1,1,4.902016,-0.099130,0,0
2.849998,72.118690,109.820900,1106.685000,1,1,1,1,2,2,0.795749,0.707119,0.795749,0.707119,0.751434,-0.245245,0.968451,0.044255,-0.245245,0.968451,0.044255,-0.242943,0.969174,0.040943,9.558930,-0.533666,-0.012376,1,1,4.883157,-0.099905,0,0
2.859998,72.105780,109.815500,1106.732000,1,1,1,1,2,2,0.796058,0.707013,0.796058,0.707013,0.751535,-0.245245,0.968451,0.044255,-0.245245,0.968451,0.044255,-0.243142,0.969112,0.041228,9.486745,-0.532619,-0.010245,1,1,4.864410,-0.100474,0,0
2.869998,72.092860,109.810200,1106.778000,1,1,1,1,2,2,0.796365,0.706898,0.796365,0.706898,0.751632,-0.245237,0.968453,0.044253,-0.245237,0.968453,0.044253,-0.243322,0.969055,0.041489,9.437138,-0.532266,-0.008975,1,1,4.845772,-0.100836,0,0
2.879998,72.079940,109.804900,1106.824000,1,1,1,1,2,2,0.796652,0.702072,0.796652,0.702072,0.749362,-0.248484,0.967455,0.047815,-0.248484,0.967455,0.047815,-0.243767,0.968920,0.042033,9.782479,-0.532388,-0.006504,1,1,4.827237,-0.101038,0,0
2.889998,72.066990,109.799600,1106.870000,1,1,1,1,2,2,0.796973,0.701844,0.796973,0.701844,0.749409,-0.248479,0.967431,0.048322,-0.248479,0.967431,0.048322,-0.244173,0.968794,0.042574,9.626515,-0.529153,-0.000648,1,1,4.808835,-0.103666,0,0
2.899998,72.054030,109.794300,1106.916000,1,1,1,1,2,2,0.797307,0.702717,0.797307,0.702717,0.750012,-0.248492,0.967453,0.047816,-0.248492,0.967453,0.047816,-0.244545,0.968681,0.043026,9.420902,-0.527419,0.003187,1,1,4.790569,-0.106095,0,0
2.909998,72.041060,109.789000,1106.962000,1,1,1,1,2,2,0.797627,0.703038,0.797627,0.703038,0.750333,-0.248492,0.967453,0.047816,-0.248492,0.967453,0.047816,-0.244885,0.968577,0.043437,9.323289,-0.527668,0.004743,1,1,4.772428,-0.108151,0,0
2.919998,72.028080,109.783700,1107.007000,1,1,1,1,2,2,0.797939,0.703345,0.797939,0.703345,0.750642,-0.248477,0.967457,0.047813,-0.248477,0.967457,0.047813,-0.245193,0.968482,0.043813,9.257511,-0.528854,0.005112,1,1,4.754405,-0.109804,0,0
2.929998,72.015100,109.778400,1107.053000,1,1,1,1,2,2,0.798215,0.703620,0.798215,0.703620,0.750917,-0.248484,0.967455,0.047815,-0.248484,0.967455,0.047815,-0.245476,0.968395,0.044157,9.218560,-0.530669,0.004651,1,1,4.736496,-0.111111,0,0
2.939998,72.002110,109.773100,1107.098000,1,1,1,1,2,2,0.798462,0.703879,0.798462,0.703879,0.751170,-0.248477,0.967457,0.047813,-0.248477,0.967457,0.047813,-0.245734,0.968315,0.044471,9.197840,-0.532854,0.003627,1,1,4.718699,-0.112131,0,0
2.949998,71.989110,109.767800,1107.142000,1,1,1,1,2,2,0.798679,0.704097,0.798679,0.704097,0.751388,-0.248469,0.967459,0.047812,-0.248469,0.967459,0.047812,-0.245970,0.968241,0.044758,9.192424,-0.535232,0.002249,1,1,4.701009,-0.112886,0,0
2.959998,71.976100,109.762400,1107.187000,1,1,1,1,2,2,0.798863,0.704276,0.798863,0.704276,0.751570,-0.248477,0.967457,0.047813,-0.248477,0.967457,0.047813,-0.246185,0.968174,0.045021,9.198294,-0.537655,0.000679,1,1,4.683423,-0.113398,0,0
2.969998,71.963100,109.757000,1107.232000,1,1,1,1,2,2,0.799024,0.704428,0.799024,0.704428,0.751726,-0.248469,0.967459,0.047812,-0.248469,0.967459,0.047812,-0.246382,0.968112,0.045262,9.210402,-0.540016,-0.000959,1,1,4.665939,-0.113707,0,0
2.979998,71.950080,109.751500,1107.276000,1,1,1,1,2,2,0.806002,0.704547,0.806002,0.704547,0.755274,-0.260657,0.963499,0.061062,-0.260657,0.963499,0.061062,-0.247615,0.967733,0.046622,8.443805,-0.542253,0.004011,1,1,4.648553,-0.114125,0,0
2.989998,71.937080,109.746000,1107.320000,1,1,1,1,2,2,0.801642,0.704566,0.801642,0.704566,0.753104,-0.251726,0.966434,0.051375,-0.251726,0.966434,0.051375,-0.247969,0.967623,0.047031,9.037766,-0.551884,-0.004165,1,1,4.631398,-0.124521,0,0
